Open,High,Low,LTP
0.148854962,0.15048909,0.152788388,0.152671756
0.145038168,0.146726862,0.14973262,0.148854962
0.148854962,0.146726862,0.152788388,0.148854962
0.148854962,0.146726862,0.144385027,0.141221374
0.141221374,0.130925508,0.121466769,0.117557252
0.117557252,0.10910459,0.113827349,0.109923664
0.109923664,0.115876599,0.113827349,0.109923664
0.109923664,0.130925508,0.120702827,0.126717557
0.126717557,0.133182844,0.131398014,0.127480916
0.127480916,0.131677953,0.129106188,0.128244275
0.128244275,0.127915726,0.13368984,0.129770992
0.129770992,0.127915726,0.12987013,0.129770992
0.129770992,0.131677953,0.130634072,0.133587786
0.133587786,0.127915726,0.12987013,0.125954198
0.125954198,0.120391272,0.12605042,0.122137405
0.122137405,0.119638826,0.12223071,0.118320611
0.118320611,0.112866817,0.118411001,0.114503817
0.114503817,0.10910459,0.096256684,0.092366412
0.092366412,0.091045899,0.081741788,0.083969466
0.083969466,0.086531226,0.084033613,0.080152672
0.080152672,0.085778781,0.090145149,0.087022901
0.087022901,0.082768999,0.084033613,0.083969466
0.083969466,0.079006772,0.080977846,0.080152672
0.080152672,0.079006772,0.077922078,0.074045802
0.074045802,0.079006772,0.064171123,0.060305344
0.060305344,0.066967645,0.0710466,0.067938931
0.067938931,0.072234763,0.064935065,0.073282443
0.073282443,0.082016554,0.080213904,0.083206107
0.083206107,0.09255079,0.091673033,0.091603053
0.091603053,0.105342363,0.097784568,0.103053435
0.103053435,0.108352144,0.107715814,0.103816794
0.103816794,0.127915726,0.114591291,0.129770992
0.129770992,0.136192626,0.12987013,0.133587786
0.133587786,0.135440181,0.129106188,0.125954198
0.125954198,0.124905944,0.129106188,0.12519084
0.12519084,0.130925508,0.12605042,0.132061069
0.132061069,0.135440181,0.132925898,0.129007634
0.129007634,0.124153499,0.12223071,0.118320611
0.118320611,0.124153499,0.12987013,0.125954198
0.125954198,0.116629044,0.12223071,0.118320611
0.118320611,0.10910459,0.106951872,0.103053435
0.103053435,0.094055681,0.084033613,0.083969466
0.083969466,0.079759217,0.08250573,0.078625954
0.078625954,0.070729872,0.068754775,0.064885496
0.064885496,0.069977427,0.065699007,0.061832061
0.061832061,0.056433409,0.054239878,0.050381679
0.050381679,0.042889391,0.042016807,0.038167939
0.038167939,0.032355154,0.035905271,0.032061069
0.032061069,0.026335591,0.016806723,0.012977099
0.012977099,0.007524454,0.00381971,0
0,0,0,0
0,0.010534236,0.009167303,0.010687023
0.010687023,0.021820918,0.01986249,0.022137405
0.010687023,0.021820918,0.01986249,0.022137405
0.022137405,0.033860045,0.032085561,0.034351145
0.034351145,0.066215199,0.044308633,0.067175573
0.067175573,0.071482318,0.057295646,0.053435115
0.053435115,0.086531226,0.053475936,0.08778626
0.08778626,0.101580135,0.084033613,0.08778626
0.08778626,0.101580135,0.084797555,0.099236641
0.099236641,0.105342363,0.109243697,0.106870229
0.106870229,0.118133935,0.114591291,0.115267176
0.115267176,0.130173062,0.112299465,0.108396947
0.108396947,0.107599699,0.112299465,0.108396947
0.108396947,0.136192626,0.119938885,0.129770992
0.129770992,0.144469526,0.137509549,0.145038168
0.145038168,0.15048909,0.148968678,0.148854962
0.148854962,0.156508653,0.15355233,0.153435115
0.153435115,0.146726862,0.148968678,0.145038168
0.145038168,0.159518435,0.15737204,0.161832061
0.161832061,0.180586907,0.174178762,0.179389313
0.179389313,0.203160271,0.187165775,0.194656489
0.194656489,0.200902935,0.198624905,0.195419847
0.195419847,0.191873589,0.183346066,0.179389313
0.179389313,0.17682468,0.175706646,0.179389313
0.179389313,0.173062453,0.166539343,0.171755725
0.171755725,0.178329571,0.175706646,0.179389313
0.179389313,0.182844244,0.17723453,0.185496183
0.185496183,0.190368698,0.187929717,0.187022901
0.187022901,0.17682468,0.171886937,0.167938931
0.167938931,0.183596689,0.18105424,0.186259542
0.186259542,0.184349135,0.187165775,0.183206107
0.183206107,0.180586907,0.177998472,0.183206107
0.183206107,0.173814898,0.170359053,0.167938931
0.167938931,0.158013544,0.155844156,0.152671756
0.152671756,0.174567344,0.160427807,0.177099237
0.177099237,0.182844244,0.189457601,0.185496183
0.185496183,0.184349135,0.188693659,0.185496183
0.185496183,0.173814898,0.180290298,0.176335878
0.176335878,0.164785553,0.168067227,0.164122137
0.164122137,0.175319789,0.172650879,0.177862595
0.177862595,0.173062453,0.170359053,0.166412214
0.166412214,0.161775771,0.168067227,0.164122137
0.164122137,0.169300226,0.168067227,0.170992366
0.170992366,0.173062453,0.174942704,0.170992366
0.170992366,0.161775771,0.158899924,0.154961832
0.154961832,0.161023326,0.150496562,0.163358779
0.163358779,0.171557562,0.171886937,0.174045802
0.174045802,0.176072235,0.174178762,0.178625954
0.178625954,0.169300226,0.170359053,0.166412214
0.166412214,0.163280662,0.168067227,0.165648855
0.165648855,0.154251317,0.152788388,0.148854962
0.148854962,0.139202408,0.138273491,0.134351145
0.134351145,0.132430399,0.12605042,0.122137405
0.122137405,0.132430399,0.12987013,0.125954198
0.125954198,0.115876599,0.113827349,0.114503817
0.114503817,0.105342363,0.097020626,0.095419847
0.095419847,0.101580135,0.10236822,0.103053435
0.103053435,0.10910459,0.114591291,0.110687023
0.110687023,0.148984199,0.12223071,0.151145038
0.151145038,0.146726862,0.145148969,0.141221374
0.141221374,0.158013544,0.145148969,0.160305344
0.160305344,0.154251317,0.160427807,0.15648855
0.15648855,0.154251317,0.152024446,0.148091603
0.148091603,0.154251317,0.160427807,0.15648855
0.15648855,0.162528217,0.161191749,0.157251908
0.157251908,0.158013544,0.160427807,0.160305344
0.160305344,0.149736644,0.148968678,0.145038168
0.145038168,0.139202408,0.145148969,0.141221374
0.141221374,0.154251317,0.15355233,0.154961832
0.154961832,0.161023326,0.152788388,0.148854962
0.148854962,0.139202408,0.144385027,0.140458015
0.140458015,0.146726862,0.152788388,0.148854962
0.148854962,0.15048909,0.156608098,0.152671756
0.152671756,0.14221219,0.138273491,0.136641221
0.136641221,0.139202408,0.142093201,0.138167939
0.138167939,0.161775771,0.142093201,0.164122137
0.164122137,0.197893153,0.17723453,0.190839695
0.190839695,0.195635816,0.189457601,0.188549618
0.188549618,0.188111362,0.183346066,0.179389313
0.179389313,0.17682468,0.174178762,0.171755725
0.171755725,0.169300226,0.168831169,0.164885496
0.164885496,0.171557562,0.177998472,0.174045802
0.174045802,0.180586907,0.171122995,0.170992366
0.170992366,0.175319789,0.172650879,0.171755725
0.171755725,0.176072235,0.168067227,0.178625954
0.178625954,0.167042889,0.168067227,0.164122137
0.164122137,0.167795335,0.168067227,0.164122137
0.164122137,0.165537998,0.166539343,0.165648855
0.165648855,0.167042889,0.168067227,0.164122137
0.164122137,0.164785553,0.168067227,0.164122137
0.164122137,0.162528217,0.168067227,0.164122137
0.171755725,0.167042889,0.168831169,0.164885496
0.164885496,0.166290444,0.170359053,0.16870229
0.16870229,0.16854778,0.171886937,0.170992366
0.170992366,0.169300226,0.164247517,0.166412214
0.166412214,0.171557562,0.168067227,0.164122137
0.164122137,0.079006772,0.084033613,0.080152672
0.080152672,0.072234763,0.077158136,0.073282443
0.073282443,0.072234763,0.070282659,0.073282443
0.073282443,0.079006772,0.077158136,0.080152672
0.080152672,0.085778781,0.090909091,0.087022901
0.087022901,0.088788563,0.087853323,0.083969466
0.083969466,0.079006772,0.084033613,0.080152672
0.080152672,0.085026336,0.084033613,0.083969466
0.083969466,0.07599699,0.080977846,0.077099237
0.077099237,0.072234763,0.074102368,0.070229008
0.070229008,0.06772009,0.067226891,0.06870229
0.06870229,0.061700527,0.065699007,0.06259542
0.06259542,0.060195636,0.064935065,0.061068702
0.061068702,0.070729872,0.064935065,0.071755725
0.071755725,0.082016554,0.080213904,0.077099237
0.077099237,0.069977427,0.07486631,0.070992366
0.070992366,0.063957863,0.061879297,0.058015267
0.058015267,0.063957863,0.058823529,0.057251908
0.057251908,0.063205418,0.061115355,0.058778626
0.058015267,0.064710309,0.062643239,0.065648855
0.065648855,0.063957863,0.068754775,0.064885496
0.064885496,0.070729872,0.068754775,0.071755725
0.071755725,0.063957863,0.068754775,0.064885496
0.064885496,0.063957863,0.061115355,0.057251908
0.057251908,0.060195636,0.061115355,0.057251908
0.057251908,0.06772009,0.064171123,0.06870229
0.06870229,0.060948081,0.05500382,0.058015267
0.058015267,0.057185854,0.061115355,0.057251908
0.057251908,0.060948081,0.061115355,0.057251908
0.057251908,0.060195636,0.061115355,0.061068702
0.061068702,0.066215199,0.064935065,0.067175573
0.067175573,0.060195636,0.064935065,0.061068702
0.061068702,0.062452972,0.061879297,0.058778626
0.058778626,0.054928518,0.059587471,0.055725191
0.055725191,0.056433409,0.061115355,0.057251908
0.057251908,0.060195636,0.061115355,0.057251908
0.057251908,0.057938299,0.061115355,0.058778626
0.058778626,0.060195636,0.061115355,0.057251908
0.057251908,0.056433409,0.059587471,0.057251908
0.057251908,0.056433409,0.061115355,0.057251908
0.057251908,0.054928518,0.057295646,0.053435115
0.053435115,0.052671181,0.054239878,0.050381679
0.050381679,0.056433409,0.057295646,0.057251908
0.057251908,0.057938299,0.055767762,0.057251908
0.057251908,0.057938299,0.058059587,0.057251908
0.057251908,0.062452972,0.061115355,0.063358779
0.063358779,0.063957863,0.066462949,0.064885496
0.064885496,0.06772009,0.072574484,0.06870229
0.06870229,0.071482318,0.072574484,0.072519084
0.072519084,0.070729872,0.072574484,0.071755725
0.071755725,0.072234763,0.070282659,0.071755725
0.071755725,0.068472536,0.068754775,0.06870229
0.06870229,0.063957863,0.058823529,0.054961832
0.054961832,0.053423627,0.052711994,0.053435115
0.053435115,0.052671181,0.051948052,0.049618321
0.049618321,0.048908954,0.053475936,0.049618321
0.049618321,0.054176072,0.053475936,0.049618321
0.049618321,0.048908954,0.052711994,0.049618321
0.049618321,0.048908954,0.044308633,0.045801527
0.045801527,0.045146727,0.044308633,0.045801527
0.045801527,0.045146727,0.045836516,0.042748092
0.042748092,0.045899172,0.045836516,0.045801527
0.045801527,0.0496614,0.049656226,0.045801527
0.045801527,0.05116629,0.0473644,0.046564885
0.046564885,0.048156509,0.050420168,0.048854962
0.048854962,0.047404063,0.0473644,0.048091603
0.048091603,0.0496614,0.045836516,0.048854962
0.048854962,0.048908954,0.051948052,0.049618321
0.049618321,0.048908954,0.046600458,0.049618321
0.049618321,0.066215199,0.057295646,0.067175573
0.067175573,0.075244545,0.064935065,0.065648855
0.065648855,0.077501881,0.075630252,0.078625954
0.078625954,0.113619263,0.088617265,0.110687023
0.110687023,0.132430399,0.12223071,0.134351145
0.134351145,0.148984199,0.095492743,0.091603053
0.091603053,0.116629044,0.084797555,0.110687023
0.110687023,0.128668172,0.121466769,0.126717557
0.126717557,0.161775771,0.137509549,0.164122137
0.164122137,0.170805117,0.17723453,0.173282443
0.173282443,0.188863807,0.186401833,0.191603053
0.191603053,0.236267871,0.189457601,0.235877863
0.235877863,0.250564334,0.226126814,0.254198473
0.254198473,0.248306998,0.223071047,0.219083969
0.219083969,0.221971407,0.229182582,0.22519084
0.22519084,0.273137698,0.239113827,0.277099237
0.277099237,0.328818661,0.291825821,0.333587786
0.333587786,0.349887133,0.275019099,0.308396947
0.308396947,0.292701279,0.275019099,0.290839695
0.290839695,0.275395034,0.263559969,0.259541985
0.259541985,0.245297216,0.209320092,0.205343511
0.205343511,0.192626035,0.160427807,0.173282443
0.173282443,0.179834462,0.186401833,0.182442748
0.182442748,0.22648608,0.195569137,0.229770992
0.229770992,0.252069225,0.221543163,0.236641221
0.236641221,0.245297216,0.240641711,0.246564885
0.246564885,0.236267871,0.236822002,0.23740458
0.23740458,0.224228743,0.201680672,0.203053435
0.203053435,0.218961625,0.197097021,0.217557252
0.217557252,0.259593679,0.230710466,0.253435115
0.253435115,0.260346125,0.210084034,0.20610687
0.20610687,0.212942062,0.196333079,0.200763359
0.200763359,0.188863807,0.177998472,0.174045802
0.174045802,0.176072235,0.160427807,0.15648855
0.15648855,0.170805117,0.145148969,0.164885496
0.164885496,0.154251317,0.138273491,0.145801527
0.145801527,0.154251317,0.152788388,0.148854962
0.148854962,0.155003762,0.158899924,0.154961832
0.154961832,0.145974417,0.150496562,0.146564885
0.146564885,0.136192626,0.12605042,0.135114504
0.135114504,0.137697517,0.134453782,0.133587786
0.133587786,0.142964635,0.135981665,0.141221374
0.141221374,0.147479308,0.151260504,0.148091603
0.148091603,0.154251317,0.152024446,0.15648855
0.15648855,0.167795335,0.160427807,0.167938931
0.167938931,0.161023326,0.156608098,0.153435115
0.153435115,0.161775771,0.156608098,0.15648855
0.15648855,0.178329571,0.166539343,0.171755725
0.171755725,0.174567344,0.169595111,0.171755725
0.171755725,0.184349135,0.175706646,0.179389313
0.179389313,0.188111362,0.189457601,0.188549618
0.188549618,0.191121144,0.182582124,0.184732824
0.184732824,0.188111362,0.18105424,0.182442748
0.182442748,0.188863807,0.18487395,0.190839695
0.190839695,0.188111362,0.187929717,0.190839695
0.190839695,0.198645598,0.187165775,0.197709924
0.197709924,0.191873589,0.189457601,0.191603053
0.191603053,0.187358916,0.186401833,0.187022901
0.187022901,0.20165538,0.198624905,0.204580153
0.204580153,0.191873589,0.190985485,0.193129771
0.193129771,0.181339353,0.187929717,0.183969466
0.183969466,0.203160271,0.183346066,0.20610687
0.20610687,0.212942062,0.200152788,0.197709924
0.197709924,0.232505643,0.198624905,0.22519084
0.22519084,0.240030098,0.229182582,0.236641221
0.236641221,0.244544771,0.231474408,0.241221374
0.241221374,0.240030098,0.247517189,0.24351145
0.24351145,0.229495862,0.225362872,0.228244275
0.228244275,0.221971407,0.221543163,0.217557252
0.217557252,0.233258089,0.213903743,0.230534351
0.230534351,0.229495862,0.23605806,0.232824427
0.232824427,0.231000752,0.233766234,0.229770992
0.229770992,0.235515425,0.236822002,0.238931298
0.238931298,0.237020316,0.23223835,0.232824427
0.232824427,0.237020316,0.233766234,0.232061069
0.232061069,0.236267871,0.229182582,0.229007634
0.229007634,0.229495862,0.218487395,0.219847328
0.219847328,0.216704289,0.213903743,0.211450382
0.211450382,0.200902935,0.198624905,0.202290076
0.202290076,0.206922498,0.203972498,0.2
0.2,0.211437171,0.198624905,0.214503817
0.214503817,0.214446953,0.213903743,0.217557252
0.217557252,0.228743416,0.225362872,0.22519084
0.22519084,0.231000752,0.225362872,0.234351145
0.234351145,0.229495862,0.229182582,0.22519084
0.22519084,0.221971407,0.221543163,0.22519084
0.22519084,0.227990971,0.22841864,0.23129771
0.23129771,0.236267871,0.229946524,0.225954198
0.225954198,0.229495862,0.225362872,0.230534351
0.230534351,0.229495862,0.235294118,0.232061069
0.232061069,0.237772761,0.233002292,0.23740458
0.23740458,0.240030098,0.231474408,0.241984733
0.241984733,0.240782543,0.236822002,0.232824427
0.232824427,0.229495862,0.229182582,0.22519084
0.22519084,0.233258089,0.233002292,0.232824427
0.232824427,0.227990971,0.225362872,0.23129771
0.23129771,0.229495862,0.229182582,0.22519084
0.22519084,0.237020316,0.229946524,0.238931298
0.238931298,0.239277652,0.242933537,0.239694656
0.239694656,0.242287434,0.245989305,0.245801527
0.245801527,0.25282167,0.25210084,0.25648855
0.25648855,0.259593679,0.261268144,0.257251908
0.257251908,0.260346125,0.258976318,0.258015267
0.258015267,0.25131678,0.248281131,0.251908397
0.251908397,0.258841234,0.255156608,0.254961832
0.254961832,0.241534989,0.238349885,0.240458015
0.240458015,0.237020316,0.236822002,0.238167939
0.238167939,0.231000752,0.236822002,0.232824427
0.232824427,0.232505643,0.229946524,0.232824427
0.236641221,0.237020316,0.236822002,0.233587786
0.233587786,0.236267871,0.225362872,0.239694656
0.233587786,0.236267871,0.225362872,0.239694656
0.239694656,0.237020316,0.234530176,0.240458015
0.240458015,0.237020316,0.236822002,0.236641221
0.236641221,0.229495862,0.236822002,0.232824427
0.232824427,0.233258089,0.236822002,0.235877863
0.235877863,0.240030098,0.233002292,0.24351145
0.24351145,0.240030098,0.23605806,0.232061069
0.232061069,0.235515425,0.236822002,0.232824427
0.232824427,0.229495862,0.233002292,0.229007634
0.229007634,0.234010534,0.236822002,0.234351145
0.234351145,0.244544771,0.244461421,0.248091603
0.248091603,0.25282167,0.258212376,0.25648855
0.25648855,0.259593679,0.258212376,0.263358779
0.263358779,0.273890143,0.274255157,0.277862595
0.277862595,0.295711061,0.278838808,0.289312977
0.289312977,0.276899925,0.278838808,0.279389313
0.279389313,0.282167043,0.284186402,0.286259542
0.286259542,0.300225734,0.27960275,0.29389313
0.29389313,0.297215952,0.290297937,0.298473282
0.298473282,0.312264861,0.309396486,0.315267176
0.315267176,0.331828442,0.317035905,0.324427481
0.324427481,0.323551543,0.321619557,0.318320611
0.318320611,0.342362679,0.320855615,0.332061069
0.332061069,0.366440933,0.339954163,0.36259542
0.36259542,0.394281415,0.379679144,0.393129771
0.393129771,0.404815651,0.368983957,0.393129771
0.393129771,0.388261851,0.378915202,0.393129771
0.393129771,0.401053424,0.38961039,0.391603053
0.391603053,0.384499624,0.380443086,0.376335878
0.376335878,0.370955606,0.360580596,0.361068702
0.361068702,0.361173815,0.355996944,0.366412214
0.366412214,0.361173815,0.359052712,0.355725191
0.355725191,0.338600451,0.33460657,0.340458015
0.340458015,0.331075997,0.329258976,0.328244275
0.328244275,0.358916479,0.339954163,0.354198473
0.354198473,0.383747178,0.368220015,0.385496183
0.385496183,0.367193378,0.355996944,0.369465649
0.369465649,0.351392024,0.344537815,0.347328244
0.347328244,0.352896915,0.351413293,0.358015267
0.358015267,0.364936042,0.356760886,0.364885496
0.364885496,0.377727615,0.372039725,0.377099237
0.377099237,0.309255079,0.304812834,0.313740458
0.313740458,0.323551543,0.320855615,0.318320611
0.318320611,0.334838224,0.317799847,0.313740458
0.313740458,0.31075997,0.313216196,0.310687023
0.310687023,0.317531979,0.317035905,0.315267176
0.315267176,0.313017306,0.317035905,0.317557252
0.317557252,0.312264861,0.317035905,0.312977099
0.312977099,0.319789315,0.317035905,0.320610687
0.320610687,0.338600451,0.313216196,0.34351145
0.34351145,0.351392024,0.324675325,0.348854962
0.348854962,0.334838224,0.321619557,0.321374046
0.321374046,0.323551543,0.324675325,0.320610687
0.320610687,0.328066215,0.317035905,0.332824427
0.332824427,0.339352897,0.324675325,0.332061069
0.332061069,0.331828442,0.324675325,0.328244275
0.328244275,0.330323552,0.339190222,0.335114504
0.335114504,0.318284424,0.320855615,0.320610687
0.320610687,0.316779533,0.31092437,0.316793893
0.316793893,0.312264861,0.316271963,0.316793893
0.316793893,0.305492852,0.308632544,0.309160305
0.309160305,0.316027088,0.324675325,0.320610687
0.320610687,0.303987961,0.312452254,0.308396947
0.308396947,0.292701279,0.300993125,0.296946565
0.296946565,0.307750188,0.301757066,0.300763359
0.300763359,0.304740406,0.304812834,0.301526718
0.301526718,0.297215952,0.286478228,0.286259542
0.286259542,0.282167043,0.282658518,0.286259542
0.286259542,0.282167043,0.286478228,0.282442748
0.282442748,0.28592927,0.286478228,0.290076336
0.290076336,0.283671934,0.282658518,0.283969466
0.283969466,0.279157261,0.282658518,0.283206107
0.283206107,0.300978179,0.27578304,0.290839695
0.290839695,0.280662152,0.286478228,0.283206107
0.283206107,0.276147479,0.276546982,0.272519084
0.272519084,0.274642588,0.270435447,0.267175573
0.267175573,0.282167043,0.278838808,0.286259542
0.286259542,0.291948834,0.286478228,0.282442748
0.282442748,0.312264861,0.297937357,0.316030534
0.316030534,0.305492852,0.308632544,0.309923664
0.309923664,0.316027088,0.320855615,0.318320611
0.318320611,0.325808879,0.33460657,0.330534351
0.330534351,0.366440933,0.346829641,0.366412214
0.366412214,0.348382242,0.339954163,0.335877863
0.335877863,0.349887133,0.339954163,0.354961832
0.354961832,0.35364936,0.349885409,0.345801527
0.345801527,0.352896915,0.332314744,0.339694656
0.339694656,0.346124906,0.339190222,0.335877863
0.335877863,0.326561324,0.327731092,0.33129771
0.33129771,0.32731377,0.320855615,0.332061069
0.332061069,0.32731377,0.316271963,0.332061069
0.332061069,0.339352897,0.336134454,0.344274809
0.344274809,0.32731377,0.332314744,0.328244275
0.328244275,0.31903687,0.327731092,0.323664122
0.323664122,0.314522197,0.317035905,0.319083969
0.319083969,0.319789315,0.323147441,0.319083969
0.319083969,0.322046652,0.320855615,0.323664122
0.323664122,0.364183597,0.339954163,0.348091603
0.348091603,0.343115124,0.328495034,0.324427481
0.324427481,0.318284424,0.313216196,0.309160305
0.309160305,0.316027088,0.313216196,0.316793893
0.316793893,0.312264861,0.309396486,0.311450382
0.311450382,0.300978179,0.304048892,0.302290076
0.302290076,0.293453725,0.276546982,0.292366412
0.292366412,0.299473288,0.297937357,0.298473282
0.298473282,0.300978179,0.293353705,0.297709924
0.297709924,0.282167043,0.282658518,0.282442748
0.282442748,0.282167043,0.263559969,0.286259542
0.286259542,0.291948834,0.278074866,0.288549618
0.288549618,0.28592927,0.292589763,0.290076336
0.290076336,0.28592927,0.286478228,0.286259542
0.286259542,0.282167043,0.286478228,0.286259542
0.286259542,0.293453725,0.290297937,0.287022901
0.287022901,0.28592927,0.288770053,0.290076336
0.290076336,0.298720843,0.295645531,0.291603053
0.291603053,0.289691497,0.294117647,0.29389313
0.29389313,0.291196388,0.291825821,0.294656489
0.294656489,0.292701279,0.290297937,0.286259542
0.286259542,0.274642588,0.282658518,0.278625954
0.278625954,0.274642588,0.27578304,0.271755725
0.271755725,0.263355907,0.249809015,0.245801527
0.245801527,0.267118134,0.260504202,0.270992366
0.270992366,0.263355907,0.271199389,0.267175573
0.267175573,0.259593679,0.25592055,0.263358779
0.263358779,0.26109857,0.265087853,0.264885496
0.264885496,0.264108352,0.269671505,0.267175573
0.267175573,0.263355907,0.25974026,0.255725191
0.255725191,0.252069225,0.246753247,0.242748092
0.242748092,0.249811889,0.244461421,0.240458015
0.240458015,0.23476298,0.240641711,0.236641221
0.236641221,0.233258089,0.233002292,0.236641221
0.236641221,0.229495862,0.230710466,0.226717557
0.226717557,0.233258089,0.235294118,0.234351145
0.234351145,0.237020316,0.243697479,0.240458015
0.240458015,0.248306998,0.244461421,0.251908397
0.251908397,0.258088789,0.25592055,0.261832061
0.261832061,0.258088789,0.25974026,0.259541985
0.259541985,0.258088789,0.262032086,0.259541985
0.259541985,0.259593679,0.265087853,0.263358779
0.263358779,0.259593679,0.256684492,0.263358779
0.263358779,0.249059443,0.256684492,0.252671756
0.252671756,0.250564334,0.25592055,0.251908397
0.251908397,0.259593679,0.263559969,0.263358779
0.263358779,0.255831452,0.263559969,0.259541985
0.259541985,0.252069225,0.25592055,0.255725191
0.255725191,0.255831452,0.257448434,0.253435115
0.253435115,0.260346125,0.25974026,0.264122137
0.264122137,0.260346125,0.25974026,0.25648855
0.25648855,0.25282167,0.25974026,0.255725191
0.255725191,0.252069225,0.25974026,0.255725191
0.255725191,0.252069225,0.248281131,0.255725191
0.255725191,0.255079007,0.254392666,0.258778626
0.258778626,0.248306998,0.25210084,0.251908397
0.251908397,0.247554552,0.245989305,0.245038168
0.245038168,0.245297216,0.25210084,0.248091603
0.248091603,0.262603461,0.262796028,0.266412214
0.266412214,0.252069225,0.25974026,0.255725191
0.255725191,0.242287434,0.249045073,0.245038168
0.245038168,0.237020316,0.236822002,0.240458015
0.240458015,0.229495862,0.226126814,0.222137405
0.222137405,0.228743416,0.222307105,0.218320611
0.218320611,0.23476298,0.23223835,0.228244275
0.228244275,0.237772761,0.225362872,0.239694656
0.239694656,0.252069225,0.244461421,0.247328244
0.247328244,0.237020316,0.239877769,0.240458015
0.240458015,0.237772761,0.241405653,0.23740458
0.23740458,0.236267871,0.241405653,0.239694656
0.239694656,0.233258089,0.233766234,0.234351145
0.234351145,0.231000752,0.229946524,0.225954198
0.225954198,0.221971407,0.220015279,0.216030534
0.216030534,0.225733634,0.227654698,0.22519084
0.22519084,0.229495862,0.23223835,0.23129771
0.23129771,0.240782543,0.236822002,0.232824427
0.232824427,0.238525207,0.244461421,0.240458015
0.240458015,0.239277652,0.243697479,0.242748092
0.242748092,0.237020316,0.244461421,0.240458015
0.240458015,0.237020316,0.244461421,0.240458015
0.240458015,0.247554552,0.244461421,0.251145038
0.251145038,0.237020316,0.244461421,0.240458015
0.240458015,0.246802107,0.245225363,0.246564885
0.246564885,0.264108352,0.260504202,0.263358779
0.263358779,0.270127916,0.267379679,0.266412214
0.266412214,0.261851016,0.263559969,0.259541985
0.259541985,0.252069225,0.254392666,0.250381679
0.250381679,0.255831452,0.25210084,0.255725191
0.255725191,0.246802107,0.253628724,0.249618321
0.249618321,0.25131678,0.254392666,0.254961832
0.254961832,0.260346125,0.261268144,0.26259542
0.26259542,0.264108352,0.264323911,0.263358779
0.263358779,0.270880361,0.268143621,0.270992366
0.270992366,0.27765237,0.275019099,0.277862595
0.277862595,0.273890143,0.275019099,0.273282443
0.273282443,0.276147479,0.267379679,0.280152672
0.280152672,0.278404816,0.275019099,0.27480916
0.27480916,0.278404816,0.282658518,0.281679389
0.281679389,0.274642588,0.27960275,0.276335878
0.276335878,0.272385252,0.275019099,0.27480916
0.27480916,0.270880361,0.278838808,0.27480916
0.27480916,0.282167043,0.278838808,0.27480916
0.27480916,0.267870579,0.267379679,0.263358779
0.263358779,0.267118134,0.239877769,0.264885496
0.264885496,0.266365688,0.267379679,0.264885496
0.264885496,0.270127916,0.25592055,0.274045802
0.274045802,0.270880361,0.271199389,0.274045802
0.274045802,0.259593679,0.256684492,0.26259542
0.26259542,0.265613243,0.25974026,0.269465649
0.269465649,0.263355907,0.268143621,0.264122137
0.264122137,0.264108352,0.236822002,0.240458015
0.240458015,0.247554552,0.244461421,0.245038168
0.245038168,0.237020316,0.236822002,0.232824427
0.232824427,0.229495862,0.223071047,0.219083969
0.219083969,0.231753198,0.218487395,0.235114504
0.235114504,0.231000752,0.235294118,0.232824427
0.232824427,0.239277652,0.236822002,0.241984733
0.241984733,0.249059443,0.236822002,0.240458015
0.240458015,0.240030098,0.238349885,0.240458015
0.240458015,0.233258089,0.233766234,0.236641221
0.236641221,0.237020316,0.235294118,0.232061069
0.232061069,0.231000752,0.22841864,0.22519084
0.22519084,0.221971407,0.210084034,0.206870229
0.206870229,0.210684725,0.210847976,0.213740458
0.213740458,0.210684725,0.198624905,0.205343511
0.205343511,0.199398044,0.168067227,0.182442748
0.182442748,0.216704289,0.168067227,0.209923664
0.209923664,0.221971407,0.214667685,0.22519084
0.22519084,0.236267871,0.210084034,0.20610687
0.20610687,0.212942062,0.210084034,0.213740458
0.213740458,0.215199398,0.217723453,0.218320611
0.218320611,0.221971407,0.225362872,0.221374046
0.221374046,0.237020316,0.225362872,0.232824427
0.232824427,0.237020316,0.240641711,0.236641221
0.236641221,0.24303988,0.240641711,0.246564885
0.246564885,0.259593679,0.253628724,0.249618321
0.249618321,0.248306998,0.248281131,0.251908397
0.251908397,0.255831452,0.25974026,0.259541985
0.259541985,0.263355907,0.258212376,0.265648855
0.265648855,0.272385252,0.275019099,0.270992366
0.270992366,0.289691497,0.271199389,0.29389313
0.29389313,0.300225734,0.291825821,0.297709924
0.297709924,0.293453725,0.286478228,0.282442748
0.282442748,0.276147479,0.272727273,0.26870229
0.26870229,0.263355907,0.264323911,0.266412214
0.266412214,0.263355907,0.267379679,0.267175573
0.267175573,0.268623025,0.271199389,0.270992366
0.270992366,0.267118134,0.269671505,0.270992366
0.270992366,0.276147479,0.275019099,0.280152672
0.280152672,0.274642588,0.276546982,0.278625954
0.278625954,0.270880361,0.271199389,0.27480916
0.27480916,0.275395034,0.275019099,0.279389313
0.279389313,0.274642588,0.261268144,0.275572519
0.275572519,0.297215952,0.268143621,0.264122137
0.264122137,0.282167043,0.278838808,0.282442748
0.282442748,0.282167043,0.278074866,0.282442748
0.282442748,0.324303988,0.297937357,0.329007634
0.329007634,0.384499624,0.343773873,0.341221374
0.341221374,0.32731377,0.320855615,0.320610687
0.320610687,0.303987961,0.286478228,0.305343511
0.305343511,0.289691497,0.275019099,0.282442748
0.282442748,0.274642588,0.278838808,0.27480916
0.27480916,0.273890143,0.275019099,0.270992366
0.270992366,0.275395034,0.275019099,0.27480916
0.27480916,0.288939052,0.282658518,0.293129771
0.293129771,0.316027088,0.297937357,0.29389313
0.29389313,0.325056433,0.297937357,0.30610687
0.30610687,0.297215952,0.301757066,0.3
0.3,0.319789315,0.296409473,0.324427481
0.324427481,0.312264861,0.315508021,0.312977099
0.312977099,0.319789315,0.319327731,0.324427481
0.324427481,0.323551543,0.320855615,0.328244275
0.328244275,0.342362679,0.329258976,0.347328244
0.347328244,0.390519187,0.363636364,0.393129771
0.393129771,0.442437923,0.38961039,0.438931298
0.438931298,0.432656132,0.398777693,0.409160305
0.409160305,0.402558315,0.38961039,0.385496183
0.385496183,0.368698269,0.362872422,0.36259542
0.36259542,0.376222724,0.351413293,0.381679389
0.381679389,0.416854778,0.38197097,0.377862595
0.377862595,0.392776524,0.382734912,0.393129771
0.393129771,0.401053424,0.390374332,0.393129771
0.393129771,0.397291196,0.391902215,0.403053435
0.403053435,0.389014296,0.369747899,0.379389313
0.379389313,0.37848006,0.366692131,0.36870229
0.36870229,0.37020316,0.368220015,0.375572519
0.375572519,0.376222724,0.364400306,0.374045802
0.374045802,0.393528969,0.374331551,0.393129771
0.393129771,0.389766742,0.38579068,0.393129771
0.393129771,0.393528969,0.388082506,0.389312977
0.389312977,0.385252069,0.372039725,0.385496183
0.385496183,0.389014296,0.38579068,0.385496183
0.385496183,0.402558315,0.394194041,0.393129771
0.393129771,0.387509406,0.392666157,0.388549618
0.388549618,0.380737397,0.38197097,0.386259542
0.386259542,0.379984951,0.38197097,0.377862595
0.377862595,0.374717833,0.367456073,0.380152672
0.380152672,0.382994733,0.38197097,0.381679389
0.381679389,0.372460497,0.374331551,0.373282443
0.373282443,0.364936042,0.364400306,0.369465649
0.369465649,0.365688488,0.362872422,0.370992366
0.370992366,0.368698269,0.370511841,0.370992366
0.370992366,0.376975169,0.365164248,0.361068702
0.361068702,0.364936042,0.366692131,0.370229008
0.370229008,0.364936042,0.374331551,0.370229008
0.374045802,0.37848006,0.369747899,0.383969466
0.383969466,0.37848006,0.362872422,0.358778626
0.358778626,0.39503386,0.375859435,0.389312977
0.389312977,0.37848006,0.368220015,0.378625954
0.378625954,0.382994733,0.374331551,0.383969466
0.383969466,0.38675696,0.38961039,0.385496183
0.385496183,0.391271633,0.38961039,0.396946565
0.396946565,0.387509406,0.38961039,0.393129771
0.393129771,0.396538751,0.38961039,0.402290076
0.402290076,0.421369451,0.401069519,0.400763359
0.400763359,0.448457487,0.418640183,0.433587786
0.433587786,0.455981941,0.435446906,0.438931298
0.438931298,0.446952596,0.429335371,0.442748092
0.442748092,0.450714823,0.427807487,0.426717557
0.426717557,0.421369451,0.420168067,0.418320611
0.418320611,0.425884123,0.394957983,0.4
0.4,0.413844996,0.390374332,0.415267176
0.381679389,0.389014296,0.398777693,0.394656489
0.394656489,0.375470278,0.351413293,0.351908397
0.351908397,0.35364936,0.355996944,0.358778626
0.358778626,0.357411588,0.362872422,0.36259542
0.36259542,0.349887133,0.359052712,0.354961832
0.354961832,0.349887133,0.359052712,0.354961832
0.354961832,0.349887133,0.359052712,0.354961832
0.354961832,0.342362679,0.344537815,0.340458015
0.340458015,0.328066215,0.323911383,0.320610687
0.320610687,0.328066215,0.332314744,0.332061069
0.332061069,0.32731377,0.336134454,0.332061069
0.332061069,0.339352897,0.343773873,0.339694656
0.339694656,0.334838224,0.333078686,0.329770992
0.329770992,0.32731377,0.328495034,0.325954198
0.325954198,0.32731377,0.333078686,0.332061069
0.332061069,0.32731377,0.336134454,0.332061069
0.332061069,0.32731377,0.328495034,0.324427481
0.324427481,0.316779533,0.313980138,0.321374046
0.321374046,0.321294206,0.322383499,0.325954198
0.325954198,0.328066215,0.328495034,0.328244275
0.328244275,0.323551543,0.317035905,0.319083969
0.319083969,0.31903687,0.322383499,0.322137405
0.322137405,0.322046652,0.32696715,0.324427481
0.324427481,0.330323552,0.333078686,0.335114504
0.335114504,0.334085779,0.336134454,0.338931298
0.338931298,0.338600451,0.343773873,0.34351145
0.34351145,0.338600451,0.336134454,0.332061069
0.332061069,0.319789315,0.328495034,0.324427481
0.324427481,0.32731377,0.321619557,0.329770992
0.329770992,0.325808879,0.33078686,0.327480916
0.327480916,0.32731377,0.324675325,0.332061069
0.332061069,0.331075997,0.332314744,0.335877863
0.335877863,0.331075997,0.33460657,0.330534351
0.330534351,0.323551543,0.330022918,0.328244275
0.328244275,0.322799097,0.324675325,0.324427481
0.324427481,0.319789315,0.317035905,0.316793893
0.316793893,0.338600451,0.333078686,0.34351145
0.34351145,0.364936042,0.348357525,0.361068702
0.361068702,0.372460497,0.366692131,0.369465649
0.369465649,0.361173815,0.362872422,0.359541985
0.359541985,0.349887133,0.355233002,0.351145038
0.351145038,0.37020316,0.359052712,0.375572519
0.375572519,0.372460497,0.362872422,0.366412214
0.366412214,0.358164033,0.359052712,0.363358779
0.366412214,0.358164033,0.359052712,0.363358779
0.363358779,0.358164033,0.355233002,0.351145038
0.351145038,0.338600451,0.339954163,0.335877863
0.335877863,0.334838224,0.336134454,0.333587786
0.333587786,0.328818661,0.324675325,0.32519084
0.32519084,0.334838224,0.332314744,0.339694656
0.339694656,0.342362679,0.331550802,0.339694656
0.339694656,0.342362679,0.336134454,0.338167939
0.338167939,0.328066215,0.328495034,0.328244275
0.328244275,0.342362679,0.331550802,0.339694656
0.339694656,0.342362679,0.339954163,0.339694656
0.339694656,0.342362679,0.343773873,0.342748092
0.342748092,0.349887133,0.343773873,0.353435115
0.353435115,0.357411588,0.355233002,0.36259542
0.36259542,0.349887133,0.343009931,0.354961832
0.354961832,0.355906697,0.351413293,0.348091603
0.348091603,0.357411588,0.355233002,0.358778626
0.358778626,0.357411588,0.359052712,0.361068702
0.361068702,0.376222724,0.362872422,0.379389313
0.379389313,0.406320542,0.38197097,0.404580153
0.404580153,0.412340105,0.401069519,0.416030534
0.416030534,0.458991723,0.431627196,0.465648855
0.465648855,0.458991723,0.446906035,0.447328244
0.465648855,0.458991723,0.446906035,0.447328244
0.447328244,0.451467269,0.435446906,0.43129771
0.43129771,0.425884123,0.427807487,0.427480916
0.427480916,0.410082769,0.420168067,0.416030534
0.416030534,0.408577878,0.404889228,0.403816794
0.403816794,0.399548533,0.40565317,0.404580153
0.404580153,0.417607223,0.412528648,0.416030534
0.416030534,0.413844996,0.416348358,0.41221374
0.41221374,0.406320542,0.40947288,0.41221374
0.41221374,0.414597442,0.412528648,0.408396947
0.408396947,0.431151242,0.412528648,0.43740458
0.43740458,0.432656132,0.427807487,0.43129771
0.43129771,0.428893905,0.428571429,0.424427481
0.424427481,0.428893905,0.417876241,0.423664122
0.423664122,0.443190369,0.427807487,0.449618321
0.449618321,0.456734387,0.467532468,0.463358779
0.463358779,0.455229496,0.450725745,0.450381679
0.450381679,0.477802859,0.454545455,0.451145038
0.451145038,0.432656132,0.4407945,0.436641221
0.436641221,0.42814146,0.428571429,0.434351145
0.434351145,0.432656132,0.428571429,0.424427481
0.424427481,0.428893905,0.420168067,0.427480916
0.427480916,0.439428141,0.423987777,0.43129771
0.43129771,0.470278405,0.427807487,0.467175573
0.467175573,0.462001505,0.452253629,0.461832061
0.461832061,0.469525959,0.458365164,0.465648855
0.465648855,0.466516178,0.458365164,0.454198473
0.454198473,0.450714823,0.443850267,0.454198473
0.454198473,0.440933032,0.417876241,0.419847328
0.419847328,0.427389014,0.41329259,0.433587786
0.433587786,0.432656132,0.435446906,0.43129771
0.43129771,0.425131678,0.420168067,0.423664122
0.423664122,0.425884123,0.423987777,0.429770992
0.429770992,0.432656132,0.424751719,0.43129771
0.43129771,0.425131678,0.420168067,0.43129771
0.43129771,0.425131678,0.423987777,0.423664122
0.423664122,0.427389014,0.420168067,0.433587786
0.433587786,0.439428141,0.431627196,0.438931298
0.438931298,0.428893905,0.435446906,0.43129771
0.43129771,0.462001505,0.443086325,0.441221374
0.441221374,0.451467269,0.435446906,0.435114504
0.435114504,0.455229496,0.434682964,0.458015267
0.458015267,0.465763732,0.447669977,0.461068702
0.461068702,0.440180587,0.418640183,0.416030534
0.416030534,0.410082769,0.401069519,0.396946565
0.396946565,0.418359669,0.414820474,0.414503817
0.414503817,0.43641836,0.432391138,0.438931298
0.438931298,0.418359669,0.414820474,0.41221374
0.41221374,0.406320542,0.397249809,0.406870229
0.406870229,0.413844996,0.404889228,0.400763359
0.400763359,0.383747178,0.371275783,0.385496183
0.385496183,0.376222724,0.365164248,0.369465649
0.369465649,0.383747178,0.378151261,0.389312977
0.389312977,0.387509406,0.361344538,0.369465649
0.369465649,0.365688488,0.360580596,0.370992366
0.370992366,0.364936042,0.36210848,0.358015267
0.358015267,0.346124906,0.355233002,0.351145038
0.351145038,0.376222724,0.359052712,0.370229008
0.370229008,0.368698269,0.366692131,0.374045802
0.374045802,0.364936042,0.366692131,0.370229008
0.370229008,0.377727615,0.35828877,0.354198473
0.354198473,0.361173815,0.344537815,0.340458015
0.340458015,0.364936042,0.344537815,0.358778626
0.358778626,0.364936042,0.352941176,0.370229008
0.370229008,0.372460497,0.374331551,0.377862595
0.377862595,0.368698269,0.366692131,0.366412214
0.366412214,0.373965388,0.38197097,0.377862595
0.377862595,0.376222724,0.374331551,0.370229008
0.370229008,0.364936042,0.361344538,0.370229008
0.370229008,0.364936042,0.362872422,0.358778626
0.358778626,0.361173815,0.359052712,0.366412214
0.366412214,0.370955606,0.367456073,0.376335878
0.376335878,0.376222724,0.370511841,0.370229008
0.370229008,0.372460497,0.370511841,0.374045802
0.374045802,0.372460497,0.376623377,0.372519084
0.372519084,0.372460497,0.372803667,0.36870229
0.36870229,0.376222724,0.366692131,0.381679389
0.381679389,0.368698269,0.375095493,0.370992366
0.370992366,0.387509406,0.38197097,0.393129771
0.393129771,0.39503386,0.397249809,0.398473282
0.398473282,0.402558315,0.397249809,0.396183206
0.396183206,0.390519187,0.392666157,0.388549618
0.388549618,0.383747178,0.377387319,0.373282443
0.373282443,0.364936042,0.366692131,0.364885496
0.364885496,0.367945824,0.377387319,0.373282443
0.373282443,0.358164033,0.359052712,0.355725191
0.355725191,0.35364936,0.352941176,0.355725191
0.355725191,0.351392024,0.351413293,0.347328244
0.347328244,0.354401806,0.343773873,0.359541985
0.359541985,0.354401806,0.361344538,0.359541985
0.359541985,0.354401806,0.339954163,0.348854962
0.348854962,0.355154251,0.351413293,0.347328244
0.347328244,0.331828442,0.332314744,0.335877863
0.335877863,0.324303988,0.320855615,0.329007634
0.329007634,0.334838224,0.332314744,0.328244275
0.328244275,0.336343115,0.320855615,0.332061069
0.332061069,0.358164033,0.343773873,0.339694656
0.339694656,0.336343115,0.333078686,0.332824427
0.332824427,0.342362679,0.324675325,0.34351145
0.260305344,0.246049661,0.253628724,0.249618321
0.249618321,0.237020316,0.244461421,0.240458015
0.240458015,0.243792325,0.244461421,0.247328244
0.247328244,0.243792325,0.244461421,0.247328244
0.247328244,0.243792325,0.244461421,0.240458015
0.240458015,0.229495862,0.236822002,0.232824427
0.232824427,0.229495862,0.229182582,0.22519084
0.22519084,0.236267871,0.238349885,0.234351145
0.234351145,0.239277652,0.236822002,0.232824427
0.232824427,0.259593679,0.244461421,0.263358779
0.263358779,0.282167043,0.277310924,0.273282443
0.273282443,0.267118134,0.267379679,0.263358779
0.263358779,0.255831452,0.263559969,0.259541985
0.259541985,0.253574116,0.253628724,0.257251908
0.257251908,0.264108352,0.271963331,0.267938931
0.267938931,0.270880361,0.263559969,0.27480916
0.27480916,0.292701279,0.284186402,0.282442748
0.27480916,0.292701279,0.284186402,0.282442748
0.282442748,0.293453725,0.286478228,0.297709924
0.297709924,0.28592927,0.290297937,0.290076336
0.290076336,0.289691497,0.290297937,0.286259542
0.286259542,0.316027088,0.296409473,0.320610687
0.320610687,0.338600451,0.325439267,0.328244275
0.328244275,0.324303988,0.320855615,0.320610687
0.320610687,0.320541761,0.324675325,0.320610687
0.320610687,0.323551543,0.326203209,0.328244275
0.328244275,0.331075997,0.320855615,0.328244275
0.328244275,0.333333333,0.321619557,0.338167939
0.338167939,0.334838224,0.328495034,0.339694656
0.339694656,0.331828442,0.339954163,0.336641221
0.336641221,0.355906697,0.351413293,0.361068702
0.361068702,0.368698269,0.365164248,0.372519084
0.372519084,0.391271633,0.363636364,0.370229008
0.370229008,0.389766742,0.359816654,0.395419847
0.395419847,0.42814146,0.412528648,0.427480916
0.427480916,0.449209932,0.429335371,0.428244275
0.428244275,0.440180587,0.417876241,0.445038168
0.445038168,0.443190369,0.439266616,0.447328244
0.447328244,0.455229496,0.433919022,0.442748092
0.442748092,0.435665914,0.436210848,0.432061069
0.432061069,0.412340105,0.417112299,0.412977099
0.412977099,0.425131678,0.417112299,0.42519084
0.42519084,0.420617005,0.423987777,0.426717557
0.426717557,0.407072987,0.412528648,0.408396947
0.408396947,0.408577878,0.397249809,0.414503817
0.414503817,0.401053424,0.397249809,0.406870229
0.406870229,0.413844996,0.397249809,0.419847328
0.419847328,0.421369451,0.412528648,0.427480916
0.427480916,0.425884123,0.420168067,0.432061069
0.432061069,0.426636569,0.434682964,0.430534351
0.430534351,0.413844996,0.401833461,0.397709924
0.430534351,0.413844996,0.401833461,0.397709924
0.397709924,0.39503386,0.397249809,0.400763359
0.400763359,0.392024078,0.38197097,0.397709924
0.397709924,0.392024078,0.396485867,0.393129771
0.393129771,0.388261851,0.393430099,0.389312977
0.389312977,0.387509406,0.38579068,0.381679389
0.381679389,0.372460497,0.379679144,0.377862595
0.377862595,0.390519187,0.374331551,0.383969466
0.383969466,0.391271633,0.397249809,0.396946565
0.396946565,0.412340105,0.397249809,0.418320611
0.418320611,0.413844996,0.397249809,0.393129771
0.393129771,0.387509406,0.38961039,0.393129771
0.393129771,0.391271633,0.401069519,0.396946565
0.396946565,0.388261851,0.371275783,0.377862595
0.377862595,0.365688488,0.365928189,0.370992366
0.370992366,0.391271633,0.388082506,0.396946565
0.396946565,0.396538751,0.387318564,0.402290076
0.402290076,0.396538751,0.380443086,0.385496183
0.385496183,0.381489842,0.378151261,0.387022901
0.387022901,0.381489842,0.370511841,0.366412214
0.366412214,0.37020316,0.366692131,0.36259542
0.36259542,0.357411588,0.365164248,0.361068702
0.361068702,0.356659142,0.359052712,0.357251908
0.357251908,0.34537246,0.346065699,0.341984733
0.341984733,0.339352897,0.339954163,0.344274809
0.344274809,0.343115124,0.349121467,0.348091603
0.348091603,0.346124906,0.342245989,0.339694656
0.339694656,0.35364936,0.344537815,0.358778626
0.358778626,0.343115124,0.349885409,0.345801527
0.345801527,0.343115124,0.339954163,0.348091603
0.348091603,0.35214447,0.361344538,0.357251908
0.357251908,0.346124906,0.343773873,0.339694656
0.339694656,0.350639579,0.342245989,0.347328244
0.347328244,0.354401806,0.350649351,0.346564885
0.346564885,0.346124906,0.345301757,0.34351145
0.34351145,0.338600451,0.339954163,0.34351145
0.34351145,0.362678706,0.343773873,0.367938931
0.367938931,0.357411588,0.366692131,0.36259542
0.36259542,0.346124906,0.341482047,0.33740458
0.33740458,0.349887133,0.341482047,0.338167939
0.338167939,0.340857788,0.336134454,0.345801527
0.345801527,0.340857788,0.337662338,0.339694656
0.339694656,0.322799097,0.280366692,0.276335878
0.276335878,0.261851016,0.269671505,0.265648855
0.265648855,0.258841234,0.248281131,0.254198473
0.254198473,0.274642588,0.268907563,0.267938931
0.267938931,0.297215952,0.278838808,0.278625954
0.278625954,0.284424379,0.275019099,0.288549618
0.288549618,0.318284424,0.284186402,0.310687023
0.310687023,0.316027088,0.30328495,0.310687023
0.310687023,0.317531979,0.309396486,0.315267176
0.315267176,0.34537246,0.320855615,0.330534351
0.315267176,0.34537246,0.320855615,0.330534351
0.315267176,0.34537246,0.320855615,0.330534351
0.330534351,0.37020316,0.332314744,0.335877863
0.335877863,0.338600451,0.332314744,0.34351145
0.34351145,0.334838224,0.33460657,0.330534351
0.330534351,0.32731377,0.317799847,0.313740458
0.313740458,0.316027088,0.313216196,0.320610687
0.320610687,0.319789315,0.313980138,0.324427481
0.324427481,0.316027088,0.312452254,0.316793893
0.316793893,0.312264861,0.308632544,0.313740458
0.313740458,0.308502634,0.305576776,0.306870229
0.306870229,0.303235515,0.305576776,0.301526718
0.301526718,0.297215952,0.301757066,0.301526718
0.301526718,0.311512415,0.305576776,0.30610687
0.30610687,0.316027088,0.305576776,0.320610687
0.320610687,0.320541761,0.328495034,0.32519084
0.32519084,0.33559067,0.332314744,0.328244275
0.328244275,0.328066215,0.332314744,0.332824427
0.332824427,0.331075997,0.333078686,0.332061069
0.332061069,0.329571106,0.332314744,0.33129771
0.33129771,0.32731377,0.328495034,0.32519084
0.32519084,0.321294206,0.325439267,0.325954198
0.325954198,0.322799097,0.323147441,0.327480916
0.327480916,0.330323552,0.331550802,0.332061069
0.332061069,0.330323552,0.333842628,0.33129771
0.33129771,0.326561324,0.328495034,0.329007634
0.329007634,0.328066215,0.333078686,0.329007634
0.329007634,0.324303988,0.328495034,0.324427481
0.324427481,0.322046652,0.324675325,0.325954198
0.325954198,0.323551543,0.324675325,0.326717557
0.326717557,0.334838224,0.333078686,0.339694656
0.339694656,0.387509406,0.332314744,0.393129771
0.393129771,0.455229496,0.411000764,0.461832061
0.461832061,0.523702032,0.439266616,0.461068702
0.461068702,0.468773514,0.443086325,0.454198473
0.454198473,0.451467269,0.446906035,0.442748092
0.442748092,0.451467269,0.445378151,0.454198473
0.454198473,0.489089541,0.458365164,0.494656489
0.494656489,0.488337096,0.478991597,0.492366412
0.492366412,0.489841986,0.485867074,0.492366412
0.492366412,0.523702032,0.477463713,0.53129771
0.53129771,0.553047404,0.530939649,0.529007634
0.529007634,0.560571859,0.534759358,0.545801527
0.545801527,0.579382995,0.553857907,0.576335878
0.576335878,0.564334086,0.550038197,0.561068702
0.561068702,0.556809631,0.553857907,0.561068702
0.561068702,0.586907449,0.569136746,0.583969466
0.583969466,0.607975922,0.579831933,0.612977099
0.612977099,0.659142212,0.618792972,0.648091603
0.648091603,0.677953348,0.635599694,0.677099237
0.648091603,0.677953348,0.635599694,0.677099237
0.677099237,0.762227239,0.672268908,0.773282443
0.773282443,0.820165538,0.756302521,0.770992366
0.770992366,0.761474793,0.718105424,0.740458015
0.740458015,0.759969902,0.733384263,0.740458015
0.740458015,0.725357412,0.702826585,0.735877863
0.735877863,0.741158766,0.733384263,0.729007634
0.729007634,0.714823175,0.695187166,0.70610687
0.70610687,0.699774266,0.691367456,0.709923664
0.709923664,0.688487585,0.683728037,0.697709924
0.697709924,0.68096313,0.679908327,0.683206107
0.683206107,0.673438676,0.656990069,0.660305344
0.660305344,0.669676448,0.626432391,0.666412214
0.666412214,0.683972912,0.676088617,0.689312977
0.689312977,0.699774266,0.67303285,0.683206107
0.683206107,0.684725357,0.679144385,0.690839695
0.690839695,0.720842739,0.676088617,0.73129771
0.73129771,0.801354402,0.718105424,0.776335878
0.776335878,0.823927765,0.777692895,0.780916031
0.780916031,0.786305493,0.77158136,0.777099237
0.777099237,0.781038375,0.760122231,0.771755725
0.771755725,0.767494357,0.756302521,0.77480916
0.77480916,0.74868322,0.703590527,0.699236641
0.699236641,0.746425884,0.679908327,0.732824427
0.732824427,0.737396539,0.728036669,0.736641221
0.736641221,0.72234763,0.699006875,0.728244275
0.728244275,0.733634312,0.731092437,0.729007634
0.729007634,0.733634312,0.718105424,0.729007634
0.729007634,0.726109857,0.731856379,0.727480916
0.727480916,0.718585403,0.729564553,0.728244275
0.728244275,0.714823175,0.718105424,0.713740458
0.713740458,0.68924003,0.694423224,0.690839695
0.690839695,0.67268623,0.66157372,0.675572519
0.675572519,0.688487585,0.663101604,0.690839695
0.690839695,0.665914221,0.666157372,0.67480916
0.67480916,0.666666667,0.668449198,0.664122137
0.664122137,0.658389767,0.649350649,0.660305344
0.660305344,0.650865312,0.656990069,0.652671756
0.652671756,0.642588412,0.649350649,0.651908397
0.651908397,0.647103085,0.652406417,0.651908397
0.651908397,0.624529722,0.615737204,0.622137405
0.622137405,0.601956358,0.565317036,0.610687023
0.610687023,0.624529722,0.611153552,0.633587786
0.633587786,0.639578631,0.624140565,0.632824427
0.632824427,0.635816403,0.622612681,0.629770992
0.629770992,0.623024831,0.611153552,0.629770992
0.629770992,0.628291949,0.618792972,0.622137405
0.622137405,0.667419112,0.644766998,0.660305344
0.660305344,0.662151994,0.664629488,0.667938931
0.667938931,0.692249812,0.664629488,0.700763359
0.700763359,0.714823175,0.709702063,0.709923664
0.709923664,0.689992476,0.683728037,0.697709924
0.697709924,0.692249812,0.699006875,0.702290076
0.702290076,0.718585403,0.710466005,0.715267176
0.715267176,0.710308503,0.703590527,0.709160305
0.709160305,0.688487585,0.694423224,0.696946565
0.696946565,0.673438676,0.664629488,0.677099237
0.677099237,0.662904439,0.664629488,0.667938931
0.667938931,0.665914221,0.664629488,0.667938931
0.667938931,0.650865312,0.647822765,0.660305344
0.660305344,0.645598194,0.64553094,0.654961832
0.654961832,0.673438676,0.656990069,0.664122137
0.664122137,0.692249812,0.687547746,0.698473282
0.698473282,0.706546275,0.695187166,0.710687023
0.710687023,0.726109857,0.702826585,0.727480916
0.46259542,0.485327314,0.469060351,0.469465649
0.469465649,0.477802859,0.473644003,0.469465649
0.469465649,0.46275395,0.461420932,0.46870229
0.46870229,0.470278405,0.469824293,0.469465649
0.469465649,0.46275395,0.472880061,0.46870229
0.46870229,0.455229496,0.458365164,0.45648855
0.45648855,0.440180587,0.443850267,0.44351145
0.44351145,0.428893905,0.427807487,0.427480916
0.427480916,0.412340105,0.422459893,0.418320611
0.418320611,0.406320542,0.408708938,0.409160305
0.409160305,0.410835214,0.416348358,0.416030534
0.416030534,0.425884123,0.425515661,0.432061069
0.432061069,0.440180587,0.427807487,0.446564885
0.446564885,0.443942814,0.423987777,0.419847328
0.419847328,0.428893905,0.416348358,0.427480916
0.427480916,0.424379233,0.420932009,0.418320611
0.418320611,0.413092551,0.410236822,0.416030534
0.416030534,0.421369451,0.423987777,0.427480916
0.427480916,0.421369451,0.427807487,0.423664122
0.423664122,0.417607223,0.420932009,0.417557252
0.417557252,0.41158766,0.408708938,0.412977099
0.412977099,0.410082769,0.408708938,0.408396947
0.408396947,0.410082769,0.408708938,0.409923664
0.409923664,0.416102333,0.420168067,0.422137405
0.422137405,0.427389014,0.423987777,0.422137405
0.422137405,0.425131678,0.435446906,0.43129771
0.43129771,0.421369451,0.431627196,0.427480916
0.43129771,0.421369451,0.431627196,0.427480916
0.427480916,0.417607223,0.427043545,0.423664122
0.423664122,0.417607223,0.427807487,0.423664122
0.423664122,0.451467269,0.441558442,0.458015267
0.458015267,0.462001505,0.448433919,0.454198473
0.454198473,0.451467269,0.450725745,0.450381679
0.450381679,0.450714823,0.446906035,0.457251908
0.457251908,0.451467269,0.451489687,0.447328244
0.447328244,0.448457487,0.450725745,0.454198473
0.454198473,0.46275395,0.458365164,0.458015267
0.458015267,0.447705041,0.454545455,0.451145038
0.451145038,0.446952596,0.446142093,0.453435115
0.453435115,0.440933032,0.443850267,0.44351145
0.44351145,0.443942814,0.446906035,0.450381679
0.450381679,0.457486832,0.456073338,0.461832061
0.461832061,0.46275395,0.458365164,0.455725191
0.455725191,0.455229496,0.459893048,0.458015267
0.458015267,0.455229496,0.461420932,0.461832061
0.461832061,0.474040632,0.465240642,0.46259542
0.46259542,0.485327314,0.472880061,0.469465649
0.469465649,0.473288187,0.473644003,0.475572519
0.475572519,0.471783296,0.478227655,0.474045802
0.474045802,0.489089541,0.466768526,0.496183206
0.496183206,0.503386005,0.504201681,0.5
0.5,0.515425132,0.511077158,0.514503817
0.514503817,0.565838977,0.519480519,0.554961832
0.554961832,0.589917231,0.565317036,0.591603053
0.591603053,0.605718585,0.599694423,0.604580153
0.604580153,0.598194131,0.572956455,0.58778626
0.58778626,0.575620767,0.557677617,0.56870229
0.56870229,0.560571859,0.527883881,0.564122137
0.564122137,0.560571859,0.556913675,0.559541985
0.559541985,0.549285177,0.553857907,0.553435115
0.553435115,0.573363431,0.553857907,0.581679389
0.581679389,0.586907449,0.582887701,0.580916031
0.580916031,0.575620767,0.565317036,0.583969466
0.583969466,0.568096313,0.571428571,0.56870229
0.56870229,0.560571859,0.562261268,0.561068702
0.561068702,0.553047404,0.550038197,0.554198473
0.554198473,0.546275395,0.550038197,0.553435115
0.553435115,0.543265613,0.546218487,0.545801527
0.545801527,0.553047404,0.550038197,0.549618321
0.549618321,0.549285177,0.550802139,0.546564885
0.546564885,0.564334086,0.565317036,0.572519084
0.572519084,0.574868322,0.569136746,0.564885496
0.564885496,0.568096313,0.561497326,0.570992366
0.570992366,0.592927013,0.588235294,0.595419847
0.595419847,0.635063958,0.595874714,0.622137405
0.622137405,0.628291949,0.627196333,0.629770992
0.629770992,0.61324304,0.605805959,0.610687023
0.610687023,0.605718585,0.600458365,0.599236641
0.599236641,0.598194131,0.603514133,0.606870229
0.606870229,0.593679458,0.578304049,0.600763359
0.600763359,0.608728367,0.609625668,0.609923664
0.609923664,0.628291949,0.618792972,0.636641221
0.636641221,0.633559067,0.626432391,0.622137405
0.622137405,0.658389767,0.644766998,0.667938931
0.667938931,0.681715576,0.679908327,0.683969466
0.683969466,0.696012039,0.699006875,0.70610687
0.70610687,0.752445448,0.710466005,0.736641221
0.736641221,0.763732129,0.752482811,0.755725191
0.755725191,0.75696012,0.760886173,0.767175573
0.767175573,0.763732129,0.753246753,0.763358779
0.763358779,0.767494357,0.76394194,0.767175573
0.767175573,0.759217457,0.74789916,0.755725191
0.755725191,0.783295711,0.76394194,0.794656489
0.794656489,0.816403311,0.796027502,0.794656489
0.794656489,0.804364184,0.786860199,0.782442748
0.782442748,0.793829947,0.785332315,0.797709924
0.797709924,0.793077502,0.798319328,0.797709924
0.797709924,0.79006772,0.786860199,0.782442748
0.782442748,0.772009029,0.77158136,0.782442748
0.782442748,0.772009029,0.776165011,0.782442748
0.782442748,0.786305493,0.753246753,0.797709924
0.797709924,0.808878856,0.788388083,0.805343511
0.805343511,0.805116629,0.809778457,0.805343511
0.805343511,0.804364184,0.816653934,0.812977099
0.812977099,0.80662152,0.79144385,0.79389313
0.79389313,0.797592175,0.799847212,0.8
0.8,0.793829947,0.786860199,0.805343511
0.805343511,0.786305493,0.794499618,0.797709924
0.797709924,0.801354402,0.800611154,0.811450382
0.811450382,0.841986456,0.817417876,0.854198473
0.854198473,0.846501129,0.847975554,0.84351145
0.84351145,0.83145222,0.818181818,0.824427481
0.824427481,0.827689992,0.82276547,0.835877863
0.835877863,0.84800602,0.84262796,0.860305344
0.860305344,0.841234011,0.825821238,0.829007634
0.829007634,0.838976674,0.809778457,0.820610687
0.820610687,0.805116629,0.808250573,0.816793893
0.816793893,0.826185102,0.813598167,0.838167939
0.838167939,0.835214447,0.832696715,0.834351145
0.834351145,0.820165538,0.805958747,0.811450382
0.811450382,0.801354402,0.786860199,0.799236641
0.799236641,0.79006772,0.773109244,0.76870229
0.76870229,0.807373965,0.793735676,0.796946565
0.796946565,0.812641084,0.798319328,0.805343511
0.805343511,0.81489842,0.810542399,0.80610687
0.80610687,0.808878856,0.798319328,0.812977099
0.812977099,0.846501129,0.813598167,0.858015267
0.858015267,0.868322047,0.854087089,0.851145038
0.851145038,0.842738901,0.841100076,0.844274809
0.844274809,0.833709556,0.817417876,0.842748092
0.842748092,0.838976674,0.832696715,0.847328244
0.847328244,0.835966892,0.832696715,0.828244275
0.828244275,0.83145222,0.825821238,0.824427481
0.824427481,0.829194883,0.802902979,0.841221374
0.841221374,0.838976674,0.830404889,0.83129771
0.83129771,0.838976674,0.838044309,0.84351145
0.84351145,0.861550038,0.825821238,0.874045802
0.874045802,0.891647856,0.878533231,0.904580153
0.904580153,0.938299473,0.89763178,0.919847328
0.919847328,0.906696764,0.89381207,0.919847328
0.919847328,0.914221219,0.878533231,0.916030534
0.916030534,0.906696764,0.90145149,0.90610687
0.90610687,0.89917231,0.893048128,0.896946565
0.896946565,0.887885628,0.882352941,0.89389313
0.89389313,0.918735892,0.886172651,0.886259542
0.886259542,0.891647856,0.886936593,0.889312977
0.889312977,0.880361174,0.878533231,0.877862595
0.877862595,0.865312265,0.847975554,0.858778626
0.858778626,0.847253574,0.840336134,0.858778626
0.858778626,0.876598947,0.844155844,0.851145038
0.851145038,0.89917231,0.874713522,0.900763359
0.900763359,0.933032355,0.924369748,0.933587786
0.933587786,0.951843491,0.924369748,0.935114504
0.935114504,0.945823928,0.931245225,0.927480916
0.927480916,0.936794582,0.920550038,0.946564885
0.946564885,0.955605719,0.956455309,0.964885496
0.964885496,0.980436418,0.970206264,0.973282443
0.973282443,0.982693755,0.981665393,0.996183206
0.996183206,0.989465764,0.975553858,0.983206107
0.983206107,0.980436418,0.966386555,0.961832061
0.961832061,0.951843491,0.906035141,0.942748092
0.942748092,0.914221219,0.924369748,0.921374046
0.921374046,0.914221219,0.895339954,0.91221374
0.91221374,0.914221219,0.870893812,0.889312977
0.889312977,0.905944319,0.855614973,0.854961832
0.854961832,0.838976674,0.773873186,0.769465649
0.769465649,0.863054929,0.794499618,0.875572519
0.875572519,0.895410083,0.857142857,0.907633588
0.907633588,0.887133183,0.89381207,0.889312977
0.889312977,0.906696764,0.882352941,0.877862595
0.877862595,0.862302483,0.844155844,0.855725191
0.855725191,0.884123401,0.855614973,0.889312977
0.889312977,0.913468774,0.909090909,0.904580153
0.904580153,0.959367946,0.922077922,0.922900763
0.922900763,0.89917231,0.894576012,0.893129771
0.893129771,0.911211437,0.886172651,0.881679389
0.881679389,0.914973664,0.884644767,0.908396947
0.908396947,0.918735892,0.909090909,0.904580153
0.904580153,0.906696764,0.912910619,0.914503817
0.914503817,0.951843491,0.931245225,0.958778626
0.958778626,0.959367946,0.964094729,0.965648855
0.965648855,0.969902182,0.967914439,0.964122137
0.964122137,0.973664409,0.970206264,0.980916031
0.964122137,0.973664409,0.970206264,0.980916031
0.980916031,0.993227991,1,1
1,1,0.988540871,0.988549618
0.988549618,0.984198646,0.977845684,0.992366412
0.992366412,0.978179082,0.987012987,0.984732824
0.984732824,0.985703536,0.974025974,0.988549618
0.988549618,0.967644846,0.957983193,0.980916031
0.980916031,0.963130173,0.970206264,0.96870229
0.96870229,0.9503386,0.947288006,0.957251908
0.957251908,0.944319037,0.937356761,0.942748092
0.942748092,0.920240783,0.916730328,0.93129771
0.93129771,0.920993228,0.909090909,0.919847328
0.919847328,0.906696764,0.878533231,0.889312977
0.889312977,0.902934537,0.89381207,0.908396947
0.908396947,0.914221219,0.89381207,0.90610687
0.90610687,0.887133183,0.89381207,0.896946565
0.896946565,0.891647856,0.90145149,0.904580153
0.904580153,0.89917231,0.90145149,0.91221374
0.91221374,0.917231001,0.924369748,0.926717557
0.926717557,0.920240783,0.915202445,0.927480916
0.927480916,0.924755455,0.932009167,0.935114504
0.935114504,0.939804364,0.933537051,0.94351145
0.94351145,0.944319037,0.939648587,0.944274809
0.944274809,0.929270128,0.928189458,0.933587786
0.933587786,0.921745673,0.932009167,0.927480916
0.927480916,0.917983446,0.925897632,0.927480916
0.927480916,0.928517682,0.935828877,0.940458015
0.940458015,0.939051919,0.94499618,0.951145038
0.951145038,0.931527464,0.932009167,0.933587786
0.933587786,0.914221219,0.918258212,0.923664122
0.780916031,0.782543266,0.765469824,0.77480916
0.77480916,0.74868322,0.76394194,0.759541985
0.759541985,0.763732129,0.76394194,0.77480916
0.77480916,0.759969902,0.756302521,0.759541985
0.759541985,0.752445448,0.741023682,0.744274809
0.744274809,0.74868322,0.733384263,0.755725191
0.755725191,0.741158766,0.739495798,0.740458015
0.740458015,0.737396539,0.741023682,0.740458015
0.740458015,0.741158766,0.725744843,0.729007634
0.729007634,0.726109857,0.718869366,0.736641221
0.736641221,0.714823175,0.703590527,0.703053435
0.703053435,0.677953348,0.620320856,0.622137405
0.622137405,0.649360421,0.608097785,0.63740458
0.63740458,0.631301731,0.603514133,0.614503817
0.614503817,0.598194131,0.578304049,0.574045802
0.574045802,0.61324304,0.576776165,0.580916031
0.580916031,0.575620767,0.550038197,0.550381679
0.550381679,0.571106095,0.473644003,0.579389313
0.579389313,0.611738149,0.550038197,0.620610687
0.620610687,0.685477803,0.642475172,0.690839695
0.690839695,0.733634312,0.687547746,0.709923664
0.709923664,0.688487585,0.676088617,0.683206107
0.683206107,0.658389767,0.647058824,0.651908397
0.651908397,0.647103085,0.64171123,0.650381679
0.650381679,0.643340858,0.646294882,0.641984733
0.641984733,0.638826185,0.64171123,0.648091603
0.648091603,0.638826185,0.629488159,0.641221374
0.641221374,0.619262603,0.626432391,0.623664122
0.623664122,0.632054176,0.626432391,0.628244275
0.628244275,0.626787058,0.626432391,0.629770992
0.629770992,0.643340858,0.634071811,0.64351145
0.64351145,0.643340858,0.627196333,0.628244275
0.628244275,0.620767494,0.625668449,0.621374046
0.43129771,0.410835214,0.38961039,0.393129771
0.393129771,0.387509406,0.38961039,0.385496183
0.385496183,0.379984951,0.351413293,0.358778626
0.358778626,0.343115124,0.325439267,0.324427481
0.324427481,0.325808879,0.313216196,0.320610687
0.320610687,0.331075997,0.320855615,0.332061069
0.332061069,0.357411588,0.340718105,0.354961832
0.354961832,0.385252069,0.367456073,0.385496183
0.385496183,0.376975169,0.374331551,0.37480916
0.37480916,0.379984951,0.366692131,0.385496183
0.385496183,0.373212942,0.370511841,0.366412214
0.366412214,0.368698269,0.368220015,0.366412214
0.366412214,0.373212942,0.369747899,0.37480916
0.37480916,0.379984951,0.378151261,0.383969466
0.383969466,0.391271633,0.393430099,0.393129771
0.393129771,0.398796087,0.397249809,0.394656489
0.394656489,0.395786305,0.397249809,0.4
0.4,0.39503386,0.397249809,0.400763359
0.400763359,0.391271633,0.397249809,0.396946565
0.396946565,0.388261851,0.38961039,0.393129771
0.393129771,0.389766742,0.38961039,0.385496183
0.385496183,0.382242287,0.38197097,0.385496183
0.385496183,0.383747178,0.38197097,0.383206107
0.383206107,0.379984951,0.372039725,0.367938931
0.367938931,0.362678706,0.359052712,0.354961832
0.354961832,0.355154251,0.339190222,0.354961832
0.354961832,0.342362679,0.333078686,0.329007634
0.329007634,0.342362679,0.331550802,0.341984733
0.341984733,0.368698269,0.339954163,0.374045802
0.374045802,0.372460497,0.366692131,0.370229008
0.370229008,0.364183597,0.349121467,0.369465649
0.369465649,0.364936042,0.347593583,0.355725191
0.355725191,0.356659142,0.347593583,0.34351145
0.34351145,0.342362679,0.343773873,0.34351145
0.34351145,0.340105342,0.335370512,0.332061069
0.332061069,0.324303988,0.302521008,0.302290076
0.302290076,0.297215952,0.271199389,0.301526718
0.301526718,0.328818661,0.305576776,0.316793893
0.316793893,0.349887133,0.320855615,0.34351145
0.34351145,0.363431151,0.35828877,0.366412214
0.366412214,0.372460497,0.357524828,0.374045802
0.374045802,0.379984951,0.374331551,0.370229008
0.370229008,0.373965388,0.366692131,0.370229008
0.370229008,0.364936042,0.352177235,0.358778626
0.358778626,0.351392024,0.352177235,0.354198473
0.354198473,0.349887133,0.349885409,0.345801527
0.345801527,0.342362679,0.328495034,0.328244275
0.328244275,0.334838224,0.332314744,0.339694656
0.339694656,0.355906697,0.344537815,0.361068702
0.361068702,0.372460497,0.368220015,0.377099237
0.377099237,0.379984951,0.375859435,0.376335878
0.376335878,0.364936042,0.353705118,0.349618321
0.349618321,0.349887133,0.343773873,0.348854962
0.348854962,0.357411588,0.346065699,0.36259542
0.36259542,0.357411588,0.362872422,0.358778626
0.358778626,0.357411588,0.366692131,0.36259542
0.36259542,0.351392024,0.353705118,0.355725191
0.355725191,0.357411588,0.359052712,0.360305344
0.360305344,0.379984951,0.376623377,0.378625954
0.378625954,0.391271633,0.371275783,0.396946565
0.396946565,0.430398796,0.412528648,0.436641221
0.436641221,0.447705041,0.417876241,0.43129771
0.43129771,0.46275395,0.439266616,0.446564885
0.446564885,0.477802859,0.45683728,0.484732824
0.484732824,0.492099323,0.462184874,0.458015267
0.458015267,0.462001505,0.451489687,0.454198473
0.454198473,0.492851768,0.472880061,0.5
0.5,0.571106095,0.488922842,0.492366412
0.492366412,0.485327314,0.477463713,0.476335878
0.476335878,0.492851768,0.473644003,0.469465649
0.469465649,0.470278405,0.470588235,0.473282443
0.473282443,0.485327314,0.473644003,0.484732824
0.484732824,0.507900677,0.481283422,0.5
0.5,0.510910459,0.488922842,0.484732824
0.484732824,0.489089541,0.473644003,0.483206107
0.483206107,0.476297968,0.472116119,0.469465649
0.469465649,0.46275395,0.458365164,0.461832061
0.461832061,0.46275395,0.451489687,0.454198473
0.454198473,0.466516178,0.466004584,0.473282443
0.473282443,0.489089541,0.482047364,0.477862595
0.477862595,0.474040632,0.466004584,0.469465649
0.469465649,0.466516178,0.462184874,0.458015267
0.458015267,0.455229496,0.454545455,0.461832061
0.461832061,0.455229496,0.452253629,0.451145038
0.451145038,0.443942814,0.439266616,0.449618321
0.449618321,0.455229496,0.443086325,0.461832061
0.461832061,0.462001505,0.458365164,0.461832061
0.461832061,0.445447705,0.451489687,0.450381679
0.450381679,0.432656132,0.43697479,0.432824427
0.432824427,0.458239278,0.435446906,0.460305344
0.460305344,0.443942814,0.450725745,0.450381679
0.450381679,0.455229496,0.443850267,0.439694656
0.439694656,0.461249059,0.446906035,0.446564885
0.446564885,0.440180587,0.436210848,0.432061069
0.432061069,0.43641836,0.441558442,0.438931298
0.438931298,0.432656132,0.438502674,0.438931298
0.438931298,0.432656132,0.435446906,0.438931298
0.438931298,0.428893905,0.427807487,0.423664122
0.423664122,0.432656132,0.435446906,0.438931298
0.438931298,0.428893905,0.430099312,0.43129771
0.43129771,0.41986456,0.421695951,0.422137405
0.422137405,0.410082769,0.408708938,0.41221374
0.41221374,0.413844996,0.406417112,0.412977099
0.412977099,0.418359669,0.417112299,0.412977099
0.412977099,0.413092551,0.416348358,0.41221374
0.41221374,0.41158766,0.41329259,0.41221374
0.41221374,0.423626787,0.416348358,0.429770992
0.429770992,0.432656132,0.427807487,0.423664122
0.423664122,0.412340105,0.408708938,0.414503817
0.414503817,0.402558315,0.402597403,0.400763359
0.400763359,0.401053424,0.400305577,0.400763359
0.400763359,0.395786305,0.394194041,0.397709924
0.397709924,0.392776524,0.397249809,0.398473282
0.398473282,0.405568096,0.391138273,0.408396947
0.408396947,0.398796087,0.38961039,0.400763359
0.400763359,0.383747178,0.38579068,0.389312977
0.389312977,0.37848006,0.374331551,0.376335878
0.376335878,0.372460497,0.371275783,0.370229008
0.370229008,0.37848006,0.378151261,0.382442748
0.382442748,0.379232506,0.38197097,0.380152672
0.380152672,0.383747178,0.38579068,0.382442748
0.382442748,0.387509406,0.370511841,0.385496183
0.385496183,0.379984951,0.368220015,0.370229008
0.370229008,0.376222724,0.374331551,0.381679389
0.381679389,0.377727615,0.382734912,0.378625954
0.378625954,0.37848006,0.375859435,0.383969466
0.383969466,0.387509406,0.38197097,0.393129771
0.393129771,0.402558315,0.393430099,0.393129771
0.393129771,0.387509406,0.38961039,0.38778626
0.38778626,0.390519187,0.393430099,0.393129771
0.393129771,0.390519187,0.393430099,0.396183206
0.396183206,0.39503386,0.386554622,0.382442748
0.382442748,0.387509406,0.38961039,0.385496183
0.385496183,0.39503386,0.396485867,0.396946565
0.396946565,0.405568096,0.397249809,0.411450382
0.411450382,0.410082769,0.406417112,0.402290076
0.402290076,0.406320542,0.399541635,0.398473282
0.398473282,0.404063205,0.402597403,0.403053435
0.403053435,0.398796087,0.401069519,0.400763359
0.400763359,0.406320542,0.397249809,0.393129771
0.393129771,0.39503386,0.397249809,0.395419847
0.395419847,0.401053424,0.398777693,0.403053435
0.403053435,0.396538751,0.401069519,0.400763359
0.400763359,0.407072987,0.401069519,0.403816794
0.403816794,0.406320542,0.398013751,0.4
0.4,0.398796087,0.401069519,0.396946565
0.396946565,0.39503386,0.400305577,0.396946565
0.396946565,0.395786305,0.397249809,0.401526718
0.401526718,0.40331076,0.408708938,0.404580153
0.404580153,0.401053424,0.407944996,0.403816794
0.403816794,0.402558315,0.400305577,0.404580153
0.404580153,0.41158766,0.401833461,0.397709924
0.397709924,0.397291196,0.401069519,0.397709924
0.397709924,0.401805869,0.397249809,0.404580153
0.404580153,0.406320542,0.406417112,0.41221374
0.41221374,0.406320542,0.398013751,0.394656489
0.394656489,0.39503386,0.397249809,0.400763359
0.400763359,0.398796087,0.397249809,0.39389313
0.39389313,0.39503386,0.397249809,0.396183206
0.396183206,0.393528969,0.395721925,0.391603053
0.391603053,0.39503386,0.397249809,0.396946565
0.396946565,0.388261851,0.394957983,0.393129771
0.393129771,0.387509406,0.391138273,0.387022901
0.387022901,0.383747178,0.38197097,0.381679389
0.381679389,0.376975169,0.363636364,0.365648855
0.365648855,0.372460497,0.366692131,0.377862595
0.377862595,0.376222724,0.372803667,0.374045802
0.374045802,0.365688488,0.359052712,0.354961832
0.354961832,0.364936042,0.359052712,0.357251908
0.357251908,0.351392024,0.346065699,0.34351145
0.34351145,0.363431151,0.336134454,0.332061069
0.332061069,0.355906697,0.343773873,0.358778626
0.358778626,0.379984951,0.359052712,0.385496183
0.385496183,0.387509406,0.383498854,0.380152672
0.380152672,0.380737397,0.374331551,0.385496183
0.385496183,0.380737397,0.388082506,0.385496183
0.385496183,0.392776524,0.38197097,0.390076336
0.390076336,0.387509406,0.38961039,0.386259542
0.386259542,0.386004515,0.390374332,0.391603053
0.391603053,0.387509406,0.378915202,0.389312977
0.389312977,0.375470278,0.356760886,0.358778626
0.358778626,0.35364936,0.359052712,0.358778626
0.358778626,0.357411588,0.359052712,0.36259542
0.36259542,0.367945824,0.363636364,0.360305344
0.360305344,0.358164033,0.359052712,0.358778626
0.358778626,0.361173815,0.360580596,0.366412214
0.366412214,0.372460497,0.372039725,0.377862595
0.377862595,0.382242287,0.378915202,0.38778626
0.38778626,0.387509406,0.384262796,0.382442748
0.382442748,0.387509406,0.38197097,0.385496183
0.385496183,0.381489842,0.38961039,0.385496183
0.385496183,0.376222724,0.375095493,0.370992366
0.370992366,0.365688488,0.367456073,0.367938931
0.367938931,0.362678706,0.364400306,0.366412214
0.366412214,0.364183597,0.359052712,0.36259542
0.36259542,0.364936042,0.359816654,0.360305344
0.360305344,0.376975169,0.372039725,0.380916031
0.380916031,0.376975169,0.369747899,0.36870229
0.36870229,0.363431151,0.347593583,0.351145038
0.351145038,0.356659142,0.351413293,0.354961832
0.354961832,0.357411588,0.357524828,0.354961832
0.354961832,0.348382242,0.347593583,0.347328244
0.347328244,0.34386757,0.341482047,0.344274809
0.344274809,0.349887133,0.35446906,0.353435115
0.353435115,0.357411588,0.355996944,0.354198473
0.354198473,0.373965388,0.366692131,0.370229008
0.370229008,0.372460497,0.366692131,0.36259542
0.36259542,0.35364936,0.359052712,0.354961832
0.354961832,0.349887133,0.353705118,0.352671756
0.352671756,0.347629797,0.348357525,0.344274809
0.344274809,0.351392024,0.348357525,0.345038168
0.345038168,0.35214447,0.351413293,0.347328244
0.347328244,0.363431151,0.359052712,0.354961832
0.354961832,0.360421369,0.360580596,0.364885496
0.364885496,0.363431151,0.366692131,0.367175573
0.367175573,0.364936042,0.365164248,0.370229008
0.370229008,0.376222724,0.378151261,0.380152672
0.380152672,0.37848006,0.378915202,0.377862595
0.377862595,0.370955606,0.378151261,0.376335878
0.376335878,0.372460497,0.370511841,0.370992366
0.370992366,0.370955606,0.366692131,0.372519084
0.372519084,0.367193378,0.366692131,0.364122137
0.364122137,0.361173815,0.362872422,0.364122137
0.364122137,0.366440933,0.359052712,0.354961832
0.354961832,0.349887133,0.351413293,0.350381679
0.350381679,0.348382242,0.351413293,0.347328244
0.347328244,0.344620015,0.344537815,0.34351145
0.34351145,0.343115124,0.347593583,0.347328244
0.347328244,0.349887133,0.349885409,0.345801527
0.345801527,0.34386757,0.347593583,0.346564885
0.346564885,0.346124906,0.351413293,0.350381679
0.350381679,0.357411588,0.349885409,0.346564885
0.218320611,0.210684725,0.20473644,0.201526718
0.201526718,0.19337848,0.190985485,0.187022901
0.187022901,0.182844244,0.174178762,0.170229008
0.170229008,0.165537998,0.160427807,0.15648855
0.15648855,0.189616253,0.168067227,0.191603053
0.191603053,0.203160271,0.196333079,0.202290076
0.202290076,0.207674944,0.202444614,0.200763359
0.200763359,0.197893153,0.194805195,0.197709924
0.197709924,0.203912716,0.206264324,0.203816794
0.203816794,0.211437171,0.206264324,0.203053435
0.203053435,0.208427389,0.210084034,0.209923664
0.209923664,0.22648608,0.213903743,0.21221374
0.21221374,0.215199398,0.207028266,0.209923664
0.209923664,0.216704289,0.20473644,0.209160305
0.209160305,0.203160271,0.206264324,0.204580153
0.204580153,0.206922498,0.207028266,0.203053435
0.203053435,0.206922498,0.20855615,0.206870229
0.206870229,0.213694507,0.210084034,0.208396947
0.208396947,0.215199398,0.207792208,0.208396947
0.208396947,0.203912716,0.207792208,0.206870229
0.206870229,0.212942062,0.210084034,0.207633588
0.207633588,0.210684725,0.210084034,0.210687023
0.210687023,0.217456734,0.210084034,0.209923664
0.209923664,0.206922498,0.210084034,0.209923664
0.209923664,0.212189616,0.216195569,0.212977099
0.212977099,0.209179834,0.210847976,0.206870229
0.206870229,0.204665162,0.207792208,0.203816794
0.203816794,0.205417607,0.206264324,0.206870229
0.206870229,0.206922498,0.210847976,0.206870229
0.206870229,0.206922498,0.206264324,0.208396947
0.208396947,0.203912716,0.207028266,0.204580153
0.204580153,0.21820918,0.213903743,0.215267176
0.22519084,0.222723853,0.217723453,0.213740458
0.223664122,0.220466516,0.215431627,0.21221374
0.21221374,0.212189616,0.214667685,0.213740458
0.203816794,0.209179834,0.207792208,0.206870229
0.209923664,0.206922498,0.20855615,0.204580153
0.202290076,0.206922498,0.198624905,0.194656489
0.194656489,0.199398044,0.198624905,0.199236641
0.195419847,0.197893153,0.196333079,0.192366412
0.183206107,0.180586907,0.171886937,0.171755725
0.175572519,0.175319789,0.155080214,0.151145038
0.153435115,0.162528217,0.156608098,0.158778626
0.160305344,0.167042889,0.164247517,0.164122137
0.164122137,0.164033108,0.160427807,0.15648855
0.152671756,0.161023326,0.156608098,0.154961832
0.15648855,0.155756208,0.155080214,0.158015267
0.164122137,0.161775771,0.164247517,0.161068702
0.164122137,0.170805117,0.168067227,0.173282443
0.172519084,0.171557562,0.168831169,0.166412214
0.160305344,0.166290444,0.164247517,0.161068702
0.159541985,0.16027088,0.160427807,0.16259542
0.16259542,0.16027088,0.158135982,0.158778626
0.153435115,0.162528217,0.148968678,0.164122137
0.154961832,0.152746426,0.142857143,0.142748092
0.138931298,0.15048909,0.137509549,0.148854962
0.157251908,0.155003762,0.140565317,0.141221374
0.141984733,0.158013544,0.145912911,0.160305344
0.15648855,0.154251317,0.148968678,0.152671756
0.150381679,0.151241535,0.154316272,0.152671756
0.152671756,0.154251317,0.155080214,0.151908397
0.154198473,0.157261099,0.156608098,0.15648855
0.164122137,0.161775771,0.163483575,0.161832061
0.16259542,0.178329571,0.160427807,0.171755725
0.175572519,0.178329571,0.171886937,0.171755725
0.16259542,0.17682468,0.166539343,0.170229008
0.174045802,0.172310008,0.172650879,0.173282443
0.175572519,0.173062453,0.172650879,0.171755725
0.164122137,0.169300226,0.166539343,0.164885496
0.165648855,0.172310008,0.168067227,0.167938931
0.164122137,0.170805117,0.168067227,0.171755725
0.167938931,0.200902935,0.171886937,0.203816794
0.196183206,0.206922498,0.198624905,0.203816794
0.213740458,0.221971407,0.217723453,0.219847328
0.226717557,0.223476298,0.206264324,0.204580153
0.194656489,0.20165538,0.190985485,0.189312977
0.194656489,0.191873589,0.188693659,0.190839695
0.190839695,0.188111362,0.180290298,0.176335878
0.183206107,0.180586907,0.168831169,0.171755725
0.171755725,0.177577126,0.175706646,0.180152672
0.180916031,0.181339353,0.179526356,0.179389313
0.179389313,0.17682468,0.171122995,0.167938931
0.167938931,0.169300226,0.168067227,0.166412214
0.167175573,0.173062453,0.171122995,0.175572519
0.167938931,0.17682468,0.171886937,0.179389313
0.177862595,0.175319789,0.160427807,0.164122137
0.164122137,0.165537998,0.164247517,0.161068702
0.15648855,0.161775771,0.160427807,0.164122137
0.164122137,0.17682468,0.168067227,0.179389313
0.179389313,0.17682468,0.168067227,0.171755725
0.167938931,0.166290444,0.168067227,0.165648855
0.165648855,0.165537998,0.168067227,0.164122137
0.160305344,0.166290444,0.164247517,0.16870229
0.16870229,0.166290444,0.163483575,0.164122137
0.164122137,0.161775771,0.160427807,0.161068702
0.160305344,0.16854778,0.159663866,0.169465649
0.167938931,0.169300226,0.167303285,0.166412214
0.166412214,0.164033108,0.164247517,0.166412214
0.167938931,0.165537998,0.165775401,0.164122137
0.154961832,0.158013544,0.156608098,0.152671756
0.15648855,0.158013544,0.155844156,0.151908397
0.153435115,0.155756208,0.15737204,0.154961832
0.15648855,0.154251317,0.151260504,0.147328244
0.146564885,0.145221971,0.141329259,0.138167939
0.13740458,0.142964635,0.137509549,0.133587786
0.133587786,0.131677953,0.137509549,0.133587786
0.133587786,0.131677953,0.13368984,0.132061069
0.133587786,0.133182844,0.131398014,0.133587786
0.133587786,0.131677953,0.13368984,0.132061069
0.123664122,0.130173062,0.127578304,0.128244275
0.126717557,0.136192626,0.12605042,0.138167939
0.13740458,0.136192626,0.134453782,0.130534351
0.125954198,0.128668172,0.12605042,0.128244275
0.132061069,0.130173062,0.12987013,0.132061069
0.129770992,0.127915726,0.128342246,0.12519084
0.118320611,0.123401053,0.120702827,0.118320611
0.115267176,0.119638826,0.118411001,0.118320611
0.119847328,0.118886381,0.12223071,0.119847328
0.120610687,0.120391272,0.123758594,0.122137405
0.118320611,0.118133935,0.119174943,0.115267176
0.116030534,0.116629044,0.119938885,0.118320611
0.120610687,0.119638826,0.122994652,0.121374046
0.123664122,0.127915726,0.12605042,0.129770992
0.136641221,0.145974417,0.135217723,0.135877863
0.133587786,0.131677953,0.129106188,0.12519084
0.12519084,0.123401053,0.125286478,0.121374046
0.124427481,0.127163281,0.125286478,0.125954198
0.125954198,0.124153499,0.125286478,0.123664122
0.122137405,0.124905944,0.12605042,0.125954198
0.127480916,0.12565839,0.12987013,0.126717557
0.127480916,0.12565839,0.12987013,0.126717557
0.125954198,0.124153499,0.123758594,0.119847328
0.124427481,0.122648608,0.12223071,0.119847328
0.119847328,0.118133935,0.110771581,0.107633588
0.106870229,0.130925508,0.110771581,0.132824427
0.139694656,0.139954853,0.135981665,0.135877863
0.133587786,0.131677953,0.135981665,0.132061069
0.132061069,0.130925508,0.13368984,0.129770992
0.125954198,0.139954853,0.12987013,0.13129771
0.13129771,0.136945071,0.132161956,0.138931298
0.130534351,0.129420617,0.12987013,0.129770992
0.130534351,0.133182844,0.134453782,0.135114504
0.135114504,0.133182844,0.135217723,0.13129771
0.133587786,0.131677953,0.12987013,0.126717557
0.126717557,0.128668172,0.130634072,0.129770992
0.129770992,0.131677953,0.132925898,0.129007634
0.129770992,0.130925508,0.132925898,0.132824427
0.133587786,0.131677953,0.13368984,0.133587786
0.133587786,0.131677953,0.13368984,0.129770992
0.125954198,0.127915726,0.12987013,0.129770992
0.13129771,0.13393529,0.13368984,0.129770992
0.129770992,0.143717081,0.13368984,0.145801527
0.145801527,0.145221971,0.141329259,0.145038168
0.138931298,0.139202408,0.129106188,0.126717557
0.125954198,0.126410835,0.12987013,0.125954198
0.125954198,0.124153499,0.12223071,0.12519084
0.122137405,0.120391272,0.119174943,0.118320611
0.11221374,0.112866817,0.114591291,0.11221374
0.114503817,0.112866817,0.116119175,0.112977099
0.118320611,0.116629044,0.116883117,0.112977099
0.116793893,0.115124153,0.114591291,0.110687023
0.114503817,0.112866817,0.114591291,0.112977099
0.106870229,0.113619263,0.110771581,0.115267176
0.111450382,0.124153499,0.115355233,0.121374046
0.122137405,0.124153499,0.125286478,0.121374046
0.118320611,0.136192626,0.12223071,0.13740458
0.13740458,0.144469526,0.136745607,0.13740458
0.13740458,0.135440181,0.12987013,0.127480916
0.124427481,0.123401053,0.124522536,0.120610687
0.115267176,0.121143717,0.119174943,0.122137405
0.122137405,0.124905944,0.12605042,0.125954198
0.125954198,0.13393529,0.12987013,0.135877863
0.135877863,0.14221219,0.139801375,0.138931298
0.136641221,0.136945071,0.140565317,0.138167939
0.138167939,0.139202408,0.137509549,0.136641221
0.134351145,0.135440181,0.132925898,0.133587786
0.133587786,0.136945071,0.137509549,0.133587786
0.135114504,0.139954853,0.139037433,0.13740458
0.13740458,0.139202408,0.135981665,0.13740458
0.140458015,0.138449962,0.12987013,0.132061069
0.133587786,0.131677953,0.12987013,0.132824427
0.133587786,0.131677953,0.12605042,0.122137405
0.122137405,0.127915726,0.12223071,0.118320611
0.118320611,0.118133935,0.118411001,0.114503817
0.112977099,0.121143717,0.116883117,0.118320611
0.12519084,0.123401053,0.114591291,0.110687023
0.114503817,0.116629044,0.112299465,0.108396947
0.106870229,0.10910459,0.110771581,0.107633588
0.109160305,0.107599699,0.110007639,0.109160305
0.107633588,0.115124153,0.111535523,0.109160305
0.112977099,0.118886381,0.116883117,0.118320611
0.121374046,0.124153499,0.125286478,0.125954198
0.129770992,0.131677953,0.131398014,0.127480916
0.125954198,0.124153499,0.123758594,0.125954198
0.126717557,0.124905944,0.124522536,0.125954198
0.127480916,0.136192626,0.130634072,0.138167939
0.132061069,0.130173062,0.12987013,0.126717557
0.127480916,0.12565839,0.12605042,0.122137405
0.118320611,0.120391272,0.12223071,0.119847328
0.118320611,0.118133935,0.120702827,0.119847328
0.127480916,0.12565839,0.119174943,0.115267176
0.118320611,0.124153499,0.12223071,0.12519084
0.122137405,0.120391272,0.116119175,0.11221374
0.114503817,0.120391272,0.117647059,0.114503817
0.114503817,0.110609481,0.116119175,0.119847328
0.119847328,0.118133935,0.116119175,0.11221374
0.109923664,0.110609481,0.110007639,0.10610687
0.112977099,0.111361926,0.109243697,0.109160305
0.106870229,0.10910459,0.110771581,0.110687023
0.110687023,0.112866817,0.114591291,0.114503817
0.114503817,0.113619263,0.114591291,0.111450382
0.110687023,0.109857035,0.110771581,0.106870229
0.10610687,0.106847254,0.107715814,0.104580153
0.096946565,0.103085026,0.100840336,0.103053435
0.103053435,0.101580135,0.101604278,0.097709924
0.096183206,0.096313017,0.097784568,0.095419847
0.094656489,0.093303236,0.093200917,0.091603053
0.095419847,0.094055681,0.095492743,0.091603053
0.089312977,0.094055681,0.093200917,0.095419847
0.08778626,0.094055681,0.091673033,0.08778626
0.080916031,0.085026336,0.08250573,0.080152672
0.087022901,0.086531226,0.080977846,0.077099237
0.080916031,0.079759217,0.07868602,0.07480916
0.077099237,0.085026336,0.075630252,0.071755725
0.070229008,0.075244545,0.074102368,0.070229008
0.073282443,0.072234763,0.074102368,0.072519084
0.06870229,0.085778781,0.072574484,0.087022901
0.08778626,0.091045899,0.091673033,0.090839695
0.091603053,0.094808126,0.095492743,0.096183206
0.096183206,0.097817908,0.096256684,0.092366412
0.095419847,0.108352144,0.099312452,0.109160305
0.109923664,0.114371708,0.111535523,0.108396947
0.110687023,0.10910459,0.111535523,0.107633588
0.103053435,0.101580135,0.080213904,0.080152672
0.080152672,0.082768999,0.080213904,0.083969466
0.08778626,0.088788563,0.087853323,0.090076336
0.09389313,0.09255079,0.093200917,0.092366412
0.088549618,0.089541008,0.091673033,0.089312977
0.095419847,0.100075245,0.097784568,0.1
0.106870229,0.105342363,0.104660046,0.103053435
0.10610687,0.107599699,0.10236822,0.098473282
0.076335878,0.075244545,0.073338426,0.071755725
0.074045802,0.072987208,0.0710466,0.06870229
0.072519084,0.071482318,0.072574484,0.069465649
0.06870229,0.06772009,0.0710466,0.067938931
0.067938931,0.066967645,0.068754775,0.066412214
0.061068702,0.060195636,0.059587471,0.055725191
0.061068702,0.061700527,0.059587471,0.055725191
0.057251908,0.05944319,0.057295646,0.057251908
0.057251908,0.056433409,0.059587471,0.057251908
0.057251908,0.056433409,0.059587471,0.055725191
0.053435115,0.054176072,0.052711994,0.054198473
0.049618321,0.060195636,0.053475936,0.057251908
0.058778626,0.062452972,0.061879297,0.058015267
0.060305344,0.05944319,0.057295646,0.053435115
0.049618321,0.048908954,0.051948052,0.048091603
0.049618321,0.048908954,0.052711994,0.048854962
0.049618321,0.052671181,0.05118411,0.048854962
0.049618321,0.050413845,0.052711994,0.050381679
0.049618321,0.050413845,0.053475936,0.051145038
0.048854962,0.048908954,0.05118411,0.049618321
0.044274809,0.046651618,0.048128342,0.047328244
0.044274809,0.045146727,0.0473644,0.044274809
0.044274809,0.043641836,0.048128342,0.044274809
0.049618321,0.048908954,0.051948052,0.048091603
0.047328244,0.046651618,0.044308633,0.044274809
0.040458015,0.042889391,0.044308633,0.04351145
0.04351145,0.043641836,0.042780749,0.038931298
0.038931298,0.038374718,0.037433155,0.035114504
0.038167939,0.037622272,0.038197097,0.035114504
0.030534351,0.033860045,0.034377387,0.034351145
0.034351145,0.033860045,0.034377387,0.034351145
0.040458015,0.039879609,0.034377387,0.03129771
0.034351145,0.033860045,0.032849503,0.029007634
0.026717557,0.030097818,0.029029794,0.030534351
0.046564885,0.057938299,0.033613445,0.034351145
0.034351145,0.034612491,0.035905271,0.032824427
0.033587786,0.038374718,0.036669213,0.038931298
0.036641221,0.036117381,0.035905271,0.035114504
0.030534351,0.037622272,0.034377387,0.038167939
0.038167939,0.039879609,0.036669213,0.034351145
0.034351145,0.033860045,0.036669213,0.034351145
0.034351145,0.033860045,0.036669213,0.032824427
0.032824427,0.035364936,0.035141329,0.035877863
0.034351145,0.033860045,0.034377387,0.030534351
0.028244275,0.032355154,0.032085561,0.032824427
0.029007634,0.031602709,0.032849503,0.032061069
0.033587786,0.036869827,0.037433155,0.036641221
0.034351145,0.034612491,0.038197097,0.035114504
0.035877863,0.043641836,0.039724981,0.039694656
0.041984733,0.053423627,0.045836516,0.048091603
0.057251908,0.063205418,0.053475936,0.051145038
0.057251908,0.063957863,0.061115355,0.063358779
0.069465649,0.072987208,0.067226891,0.067938931
0.072519084,0.071482318,0.068754775,0.064885496
0.071755725,0.070729872,0.064935065,0.061068702
0.065648855,0.064710309,0.056531704,0.058778626
0.054198473,0.057185854,0.058059587,0.057251908
0.053435115,0.05944319,0.055767762,0.05648855
0.05648855,0.05944319,0.053475936,0.058015267
0.057251908,0.056433409,0.057295646,0.053435115
0.051908397,0.060195636,0.055767762,0.057251908
0.057251908,0.057185854,0.054239878,0.055725191
0.055725191,0.057938299,0.059587471,0.055725191
0.055725191,0.064710309,0.059587471,0.064885496
0.065648855,0.070729872,0.066462949,0.066412214
0.06259542,0.069224981,0.064171123,0.06870229
0.06870229,0.073739654,0.0710466,0.07480916
0.081679389,0.086531226,0.07868602,0.080152672
0.080152672,0.086531226,0.077158136,0.078625954
0.080152672,0.081264108,0.076394194,0.072519084
0.072519084,0.079759217,0.076394194,0.080152672
0.080916031,0.083521445,0.08250573,0.083969466
0.087022901,0.095560572,0.084797555,0.095419847
0.103053435,0.101580135,0.099312452,0.095419847
0.091603053,0.112114372,0.095492743,0.11221374
0.110687023,0.147479308,0.103132162,0.148854962
0.149618321,0.147479308,0.126814362,0.133587786
0.136641221,0.135440181,0.12987013,0.135114504
0.135114504,0.141459744,0.138273491,0.140458015
0.139694656,0.146726862,0.136745607,0.141221374
0.145038168,0.146726862,0.140565317,0.13740458
0.136641221,0.155756208,0.132925898,0.151908397
0.15648855,0.154251317,0.152788388,0.149618321
0.145801527,0.158013544,0.14973262,0.160305344
0.151908397,0.158765989,0.155844156,0.154961832
0.147328244,0.155756208,0.150496562,0.15648855
0.157251908,0.156508653,0.156608098,0.154961832
0.146564885,0.15199398,0.150496562,0.152671756
0.148854962,0.151241535,0.151260504,0.147328244
0.145038168,0.154251317,0.146676853,0.155725191
0.151145038,0.154251317,0.155080214,0.154961832
0.148854962,0.155003762,0.152788388,0.154198473
0.155725191,0.194883371,0.159663866,0.175572519
0.180152672,0.179082017,0.17723453,0.173282443
0.173282443,0.179834462,0.175706646,0.171755725
0.175572519,0.173062453,0.161191749,0.164122137
0.15648855,0.167795335,0.160427807,0.160305344
0.167938931,0.165537998,0.160427807,0.15648855
0.164122137,0.162528217,0.161191749,0.158015267
0.15648855,0.154251317,0.152788388,0.148854962
0.141984733,0.15048909,0.144385027,0.151145038
0.145801527,0.144469526,0.148968678,0.145801527
0.147328244,0.155003762,0.151260504,0.15648855
0.169465649,0.167042889,0.15737204,0.153435115
0.151145038,0.148984199,0.148968678,0.145038168
0.145038168,0.145221971,0.142093201,0.14351145
0.145038168,0.146726862,0.142093201,0.140458015
0.141221374,0.142964635,0.141329259,0.13740458
0.13740458,0.135440181,0.134453782,0.13740458
0.145801527,0.143717081,0.142093201,0.141221374
0.13740458,0.135440181,0.134453782,0.133587786
0.129770992,0.131677953,0.129106188,0.133587786
0.130534351,0.129420617,0.13368984,0.130534351
0.130534351,0.131677953,0.13368984,0.132061069
0.140458015,0.138449962,0.134453782,0.133587786
0.129770992,0.127915726,0.131398014,0.129770992
0.13129771,0.133182844,0.12223071,0.13129771
0.13129771,0.131677953,0.13368984,0.129770992
0.130534351,0.128668172,0.13368984,0.129770992
0.128244275,0.131677953,0.131398014,0.133587786
0.129770992,0.130925508,0.131398014,0.127480916
0.130534351,0.129420617,0.131398014,0.128244275
0.128244275,0.126410835,0.128342246,0.124427481
0.124427481,0.124153499,0.128342246,0.125954198
0.119083969,0.127915726,0.12223071,0.128244275
0.12519084,0.131677953,0.128342246,0.133587786
0.133587786,0.135440181,0.134453782,0.130534351
0.125954198,0.124905944,0.12605042,0.122137405
0.118320611,0.118886381,0.117647059,0.113740458
0.113740458,0.116629044,0.114591291,0.11221374
0.113740458,0.118133935,0.117647059,0.114503817
0.117557252,0.118886381,0.119938885,0.119083969
0.113740458,0.118133935,0.117647059,0.119847328
0.123664122,0.121896163,0.119938885,0.123664122
0.144274809,0.14221219,0.124522536,0.127480916
0.127480916,0.136192626,0.131398014,0.138167939
0.138167939,0.136945071,0.136745607,0.132824427
0.129770992,0.136192626,0.12987013,0.138167939
0.133587786,0.134687735,0.13368984,0.135114504
