0.254170756,0.237689394,0.238377844,0.235976789
0.235525025,0.232007576,0.233432245,0.227756286
0.23110893,0.230113636,0.230959446,0.237911025
0.24141315,0.223484848,0.21859545,0.224854932
0.228164868,0.21875,0.213649852,0.217601547
0.220804711,0.204545455,0.183976261,0.200676983
0.203631011,0.183712121,0.174085064,0.17311412
0.175662414,0.199337121,0.169139466,0.193423598
0.196270854,0.194602273,0.190900099,0.201644101
0.204612365,0.195075758,0.198318497,0.20212766
0.205103042,0.205492424,0.205242334,0.212765957
0.215897939,0.20217803,0.197823937,0.207446809
0.210500491,0.20217803,0.194362018,0.209381044
0.212463199,0.200757576,0.193867458,0.207930368
0.210991168,0.25094697,0.208704253,0.259187621
0.263002944,0.239583333,0.207715134,0.201160542
0.204121688,0.18844697,0.18644906,0.195357834
0.198233562,0.178977273,0.18743818,0.185686654
0.18842002,0.183238636,0.18892186,0.184235977
0.186947988,0.183238636,0.189910979,0.190038685
0.192836114,0.184659091,0.181503462,0.191489362
0.194308145,0.186079545,0.18644906,0.192940039
0.195780177,0.177083333,0.181998022,0.176015474
0.178606477,0.173768939,0.179030663,0.17311412
0.175662414,0.169034091,0.164193867,0.175531915
0.1781158,0.166193182,0.164193867,0.162959381
0.165358194,0.166193182,0.174085064,0.16827853
0.170755643,0.166666667,0.174085064,0.17311412
0.175662414,0.169034091,0.179030663,0.17311412
0.175662414,0.171875,0.179030663,0.17794971
0.180569185,0.180871212,0.183976261,0.18762089
0.190382728,0.193181818,0.193867458,0.197775629
0.200686948,0.221117424,0.214638971,0.228723404
0.232090285,0.239109848,0.238377844,0.247098646
0.250736016,0.229166667,0.233432245,0.236943907
0.240431796,0.239583333,0.235905045,0.247582205
0.251226693,0.239109848,0.247279921,0.239845261
0.243375859,0.237215909,0.240850643,0.235976789
0.239450442,0.223484848,0.233432245,0.226305609
0.229636899,0.223011364,0.208704253,0.226305609
0.229636899,0.218276515,0.222057369,0.22582205
0.229146222,0.219223485,0.228486647,0.226305609
0.229636899,0.214015152,0.198813056,0.20212766
0.205103042,0.205492424,0.18892186,0.19245648
0.1952895,0.195549242,0.179030663,0.180851064
0.183513248,0.176136364,0.174085064,0.1827853
0.185475957,0.176136364,0.169139466,0.180367505
0.183022571,0.169034091,0.159248269,0.175531915
0.1781158,0.159564394,0.151829871,0.16344294
0.165848871,0.159564394,0.142433234,0.164893617
0.167320903,0.149147727,0.1256182,0.136847195
0.138861629,0.126420455,0.111275964,0.121373308
0.123159961,0.107481061,0.087537092,0.089941973
0.091265947,0.081439394,0.055390702,0.065280464
0.066241413,0.099431818,0.06181998,0.104448743
0.105986261,0.14157197,0.117210682,0.147485493
0.105986261,0.14157197,0.117210682,0.147485493
0.197742885,0.239109848,0.211671612,0.247098646
0.250736016,0.295454545,0.266073195,0.303675048
0.30814524,0.325284091,0.247774481,0.264023211
0.267909715,0.251420455,0.211671612,0.205029014
0.208047105,0.214015152,0.171117705,0.213249516
0.216388616,0.214015152,0.18892186,0.221470019
0.224730128,0.203598485,0.1884273,0.185203095
0.187929342,0.18844697,0.174085064,0.195357834
0.198233562,0.214015152,0.201780415,0.221470019
0.224730128,0.224431818,0.208704253,0.20212766
0.205103042,0.206912879,0.207715134,0.211798839
0.214916585,0.21875,0.226013848,0.221470019
0.224730128,0.225378788,0.223541048,0.231141199
0.23454367,0.261363636,0.248269041,0.245647969
0.249263984,0.270833333,0.253214639,0.245647969
0.249263984,0.267045455,0.264589515,0.275628627
0.279685967,0.326231061,0.296241345,0.336073501
0.341020608,0.341856061,0.286844708,0.290618956
0.294896958,0.299715909,0.300197824,0.308994197
0.313542689,0.324337121,0.320474777,0.325918762
0.330716389,0.327651515,0.329871414,0.332688588
0.337585868,0.311079545,0.287833828,0.308510638
0.313052012,0.286931818,0.304648863,0.295938104
0.300294406,0.275568182,0.28090999,0.281914894
0.286064769,0.286931818,0.28041543,0.295938104
0.300294406,0.292140152,0.295746785,0.293520309
0.297841021,0.272727273,0.277942631,0.274661509
0.278704612,0.267992424,0.278437191,0.272727273
0.276741904,0.275568182,0.278931751,0.282398453
0.286555447,0.268465909,0.275469832,0.269825919
0.273797841,0.267045455,0.273986152,0.275628627
0.279685967,0.255208333,0.248269041,0.241779497
0.245338567,0.258522727,0.238377844,0.266924565
0.270853778,0.268465909,0.268051434,0.260154739
0.263984298,0.261837121,0.263105836,0.262572534
0.266437684,0.256628788,0.260633037,0.262572534
0.266437684,0.257102273,0.263105836,0.265473888
0.269381747,0.256628788,0.268051434,0.262088975
0.265947007,0.251893939,0.263600396,0.255802708
0.259568204,0.247159091,0.258160237,0.250483559
0.254170756,0.245738636,0.253214639,0.245647969
0.249263984,0.232954545,0.245796241,0.240812379
0.244357213,0.222064394,0.189910979,0.183752418
0.186457311,0.167140152,0.137487636,0.132495164
0.134445535,0.143939394,0.126607319,0.149903288
0.152109912,0.147253788,0.146389713,0.14893617
0.151128557,0.138257576,0.144411474,0.141682785
0.1437684,0.133522727,0.136003956,0.131528046
0.133464181,0.126420455,0.118199802,0.113636364
0.115309127,0.109848485,0.109792285,0.106866538
0.108439647,0.100852273,0.100890208,0.098162476
0.099607458,0.099905303,0.097428289,0.103965184
0.105495584,0.122632576,0.112265084,0.128143133
0.130029441,0.114109848,0.111770524,0.110251451
0.111874387,0.112215909,0.114737883,0.117504836
0.119234544,0.103693182,0.104846686,0.105415861
0.106967615,0.108901515,0.109792285,0.114119923
0.115799804,0.119318182,0.113254204,0.124758221
0.126594701,0.12405303,0.122156281,0.12959381
0.131501472,0.133049242,0.136993076,0.1344294
0.136408243,0.128787879,0.130069238,0.125241779
0.127085378,0.128314394,0.134520277,0.12959381
0.131501472,0.123579545,0.129574679,0.124758221
0.126594701,0.128314394,0.136993076,0.132011605
0.133954858,0.138257576,0.146389713,0.14410058
0.146221786,0.139204545,0.146884273,0.145067698
0.14720314,0.146780303,0.144411474,0.13926499
0.141315015,0.131155303,0.133531157,0.128626692
0.130520118,0.131628788,0.132047478,0.12959381
0.131501472,0.128787879,0.123145401,0.12040619
0.122178606,0.118844697,0.110781405,0.124274662
0.126104024,0.116950758,0.117210682,0.112669246
0.114327772,0.107481061,0.100395648,0.10589942
0.107458292,0.107481061,0.085064293,0.112669246
0.114327772,0.100378788,0.109792285,0.105415861
0.106967615,0.103693182,0.109297725,0.108800774
0.110402355,0.146306818,0.122156281,0.151837524
0.15407262,0.154829545,0.12462908,0.119922631
0.121687929,0.114583333,0.109792285,0.10589942
0.107458292,0.100852273,0.102373887,0.101547389
0.103042198,0.098484848,0.104846686,0.100580271
0.102060844,0.095643939,0.099901088,0.095744681
0.097154073,0.086174242,0.09297725,0.090909091
0.092247301,0.094223485,0.09297725,0.089458414
0.09077527,0.088541667,0.097428289,0.093326886
0.094700687,0.104640152,0.105835806,0.109767892
0.11138371,0.100378788,0.099901088,0.098162476
0.099607458,0.090909091,0.09495549,0.090909091
0.092247301,0.086647727,0.090999011,0.090909091
0.092247301,0.083806818,0.09248269,0.088491296
0.089793916,0.083806818,0.090009891,0.086073501
0.08734053,0.094223485,0.09248269,0.099129594
0.100588813,0.087121212,0.09495549,0.091876209
0.089793916,0.094223485,0.09495549,0.090909091
0.092247301,0.086174242,0.088526212,0.084622824
0.085868499,0.076704545,0.085064293,0.081237911
0.082433759,0.076704545,0.084075173,0.081237911
0.082433759,0.07907197,0.079129575,0.077852998
0.078999019,0.071969697,0.080118694,0.076402321
0.077526987,0.081439394,0.071711177,0.068181818
0.069185476,0.056344697,0.055885262,0.053675048
0.054465162,0.050662879,0.050939664,0.052224371
0.052993131,0.062973485,0.055390702,0.0672147
0.068204122,0.057765152,0.057368942,0.061411992
0.062315996,0.055397727,0.060336301,0.05754352
0.058390579,0.053030303,0.059841741,0.057059961
0.057899902,0.064867424,0.051434224,0.059477756
0.060353288,0.056818182,0.055390702,0.055125725
0.055937193,0.053030303,0.057863501,0.055609284
0.05642787,0.065814394,0.051434224,0.070116054
0.071148184,0.070075758,0.058358061,0.074468085
0.075564279,0.087594697,0.070227498,0.092359768
0.093719333,0.090435606,0.085558853,0.095261122
0.096663395,0.106534091,0.100890208,0.105415861
0.106967615,0.107954545,0.105835806,0.101547389
0.103042198,0.088541667,0.081107814,0.088491296
0.089793916,0.088541667,0.089020772,0.085106383
0.086359176,0.074337121,0.067260138,0.071566731
0.072620216,0.074810606,0.075173096,0.079303675
0.086359176,0.082386364,0.082591494,0.078820116
0.079980373,0.088068182,0.082591494,0.092843327
0.09421001,0.102272727,0.090009891,0.107350097
0.108930324,0.09375,0.09347181,0.095261122
0.096663395,0.083806818,0.070227498,0.08655706
0.087831207,0.091856061,0.075173096,0.096711799
0.098135427,0.086174242,0.078140455,0.074468085
0.075564279,0.073390152,0.073194857,0.073984526
0.075073602,0.071969697,0.072700297,0.076402321
0.077526987,0.067234848,0.073194857,0.071566731
0.072620216,0.067234848,0.071711177,0.071566731
0.072620216,0.074337121,0.081107814,0.077369439
0.078508342,0.071969697,0.076162216,0.072533849
0.07360157,0.076704545,0.076656775,0.081237911
0.082433759,0.071969697,0.072205737,0.071083172
0.072129539,0.066761364,0.072205737,0.068665377
0.069676153,0.068655303,0.070227498,0.071566731
0.072620216,0.072443182,0.075173096,0.07688588
0.078017664,0.071969697,0.075173096,0.076402321
0.077526987,0.073390152,0.074183976,0.077852998
0.078999019,0.089015152,0.076162216,0.093810445
0.095191364,0.086174242,0.090009891,0.086073501
0.08734053,0.081439394,0.081602374,0.077852998
0.078999019,0.076704545,0.076656775,0.081237911
0.082433759,0.076704545,0.078140455,0.081237911
0.082433759,0.076704545,0.082591494,0.081237911
0.082433759,0.079545455,0.076656775,0.078336557
0.079489696,0.075284091,0.075667656,0.079787234
0.080961727,0.084753788,0.082591494,0.089458414
0.09077527,0.085700758,0.090009891,0.08655706
0.087831207,0.094223485,0.09248269,0.099129594
0.100588813,0.089015152,0.09495549,0.092843327
0.09421001,0.094223485,0.09297725,0.097195358
0.098626104,0.093276515,0.097428289,0.096711799
0.098135427,0.093276515,0.09396637,0.098162476
0.099607458,0.091856061,0.099901088,0.095744681
0.097154073,0.090909091,0.091493571,0.095744681
0.097154073,0.088541667,0.090009891,0.086073501
0.08734053,0.077651515,0.078140455,0.082205029
0.083415113,0.085700758,0.085064293,0.089458414
0.09077527,0.091856061,0.086547972,0.096711799
0.098135427,0.088068182,0.083580613,0.092843327
0.09421001,0.089962121,0.085064293,0.094777563
0.096172718,0.089962121,0.082591494,0.094777563
0.096172718,0.081912879,0.090504451,0.08655706
0.087831207,0.087594697,0.085064293,0.089458414
0.09077527,0.084753788,0.085064293,0.089458414
0.09077527,0.084753788,0.085064293,0.089458414
0.09077527,0.077651515,0.077645895,0.082205029
0.083415113,0.090909091,0.086053412,0.095744681
0.097154073,0.096117424,0.09347181,0.093326886
0.094700687,0.101325758,0.098911968,0.106382979
0.10794897,0.098011364,0.099406528,0.102998066
0.10451423,0.100852273,0.101879327,0.10589942
0.107458292,0.096590909,0.104846686,0.100580271
0.102060844,0.112215909,0.102373887,0.110251451
0.111874387,0.142045455,0.119683482,0.147969052
0.150147203,0.183238636,0.162710188,0.190038685
0.192836114,0.233901515,0.15628091,0.15377176
0.156035329,0.186079545,0.135014837,0.192940039
0.195780177,0.215909091,0.197823937,0.216634429
0.219823356,0.242424242,0.223541048,0.250483559
0.254170756,0.299242424,0.270029674,0.308510638
0.313052012,0.361742424,0.330365974,0.371373308
0.376840039,0.408143939,0.357072206,0.419729207
0.425907753,0.402462121,0.387240356,0.395551257
0.401373896,0.370265152,0.347181009,0.347195358
0.352306183,0.323863636,0.287833828,0.279497099
0.283611384,0.330492424,0.300197824,0.340425532
0.345436703,0.395833333,0.363501484,0.407156673
0.413150147,0.424715909,0.391691395,0.407156673
0.413150147,0.410037879,0.364490603,0.375725338
0.381256133,0.362215909,0.350642928,0.356866538
0.362119725,0.333333333,0.302670623,0.299806576
0.304219823,0.278409091,0.258160237,0.25967118
0.263493621,0.308712121,0.267556874,0.318181818
0.322865554,0.372159091,0.327398615,0.382978723
0.38861629,0.414299242,0.367457962,0.371373308
0.376840039,0.364583333,0.352126607,0.371373308
0.376840039,0.365530303,0.357072206,0.368955513
0.374386654,0.355113636,0.347181009,0.3655706
0.370951914,0.341856061,0.319980218,0.310928433
0.315505397,0.337121212,0.307616222,0.332205029
0.337095191,0.359848485,0.34322453,0.356866538
0.362119725,0.333333333,0.326409496,0.3172147
0.3218842,0.295454545,0.260633037,0.252901354
0.256624141,0.255681818,0.215133531,0.250483559
0.254170756,0.299242424,0.263105836,0.305125725
0.309617272,0.29592803,0.290306627,0.294003868
0.298331698,0.273200758,0.266567755,0.270793037
0.274779195,0.252367424,0.253214639,0.253384913
0.257114818,0.269886364,0.263105836,0.262572534
0.266437684,0.247159091,0.252225519,0.252901354
0.256624141,0.267518939,0.258160237,0.250483559
0.254170756,0.247159091,0.255687438,0.255319149
0.259077527,0.251893939,0.258654797,0.260154739
0.263984298,0.249526515,0.256181998,0.256286267
0.260058881,0.244791667,0.255192878,0.252901354
0.256624141,0.253787879,0.258160237,0.255319149
0.259077527,0.247632576,0.2512364,0.255802708
0.259568204,0.269886364,0.255687438,0.256286267
0.260058881,0.248106061,0.258160237,0.252901354
0.256624141,0.272727273,0.256676558,0.281431335
0.285574092,0.260890152,0.267062315,0.263056093
0.266928361,0.272727273,0.277942631,0.27417795
0.278213935,0.288825758,0.282888229,0.282882012
0.287046124,0.270833333,0.282888229,0.279497099
0.283611384,0.266098485,0.278931751,0.272243714
0.276251227,0.28030303,0.282888229,0.289168279
0.293424926,0.301609848,0.298219585,0.299806576
0.304219823,0.286458333,0.295746785,0.295454545
0.299803729,0.280776515,0.290306627,0.289651838
0.293915604,0.282670455,0.287833828,0.286750484
0.290971541,0.290719697,0.301681503,0.298839458
0.303238469,0.297348485,0.31256182,0.303675048
0.30814524,0.298768939,0.308110781,0.308027079
0.312561335,0.320549242,0.326409496,0.325435203
0.330225711,0.314867424,0.327398615,0.323017408
0.327772326,0.323390152,0.332344214,0.333172147
0.338076546,0.334753788,0.341246291,0.338491296
0.343473994,0.357481061,0.357072206,0.361702128
0.367026497,0.37405303,0.371909001,0.383462282
0.389106968,0.385416667,0.395647873,0.387330754
0.393032385,0.377840909,0.380316518,0.382978723
0.38861629,0.379734848,0.387734916,0.381044487
0.386653582,0.367897727,0.381800198,0.371373308
0.376840039,0.360795455,0.372403561,0.366537718
0.371933268,0.363162879,0.366963403,0.371373308
0.376840039,0.366477273,0.377349159,0.371373308
0.376840039,0.370265152,0.381800198,0.376208897
0.381746811,0.370265152,0.376854599,0.381044487
0.386653582,0.375473485,0.391691395,0.384912959
0.390578999,0.377840909,0.391691395,0.385880077
0.391560353,0.372632576,0.386745796,0.380560928
0.386162905,0.365530303,0.382294758,0.371856867
0.377330716,0.384469697,0.384272997,0.376692456
0.382237488,0.371685606,0.381800198,0.373791103
0.379293425,0.365530303,0.379327399,0.371373308
0.376840039,0.372632576,0.380316518,0.380560928
0.386162905,0.361268939,0.377349159,0.371856867
0.377330716,0.367897727,0.371909001,0.378626692
0.384200196,0.371212121,0.382294758,0.377176015
0.382728165,0.369318182,0.377349159,0.378626692
0.384200196,0.367897727,0.371909001,0.366054159
0.371442591,0.360795455,0.37487636,0.371373308
0.376840039,0.361268939,0.37537092,0.365087041
0.370461237,0.356060606,0.368447082,0.366537718
0.371933268,0.354640152,0.359545005,0.365087041
0.370461237,0.367424242,0.376854599,0.377176015
0.382728165,0.369791667,0.381800198,0.376208897
0.381746811,0.365056818,0.372898121,0.373791103
0.379293425,0.365530303,0.376854599,0.371856867
0.377330716,0.361268939,0.376854599,0.367988395
0.373405299,0.36032197,0.3743818,0.37040619
0.375858685,0.356534091,0.369930762,0.359767892
0.365063788,0.393939394,0.383778437,0.390715667
0.396467125,0.386837121,0.396636993,0.385880077
0.391560353,0.379261364,0.395647873,0.386363636
0.39205103,0.380208333,0.396636993,0.388297872
0.394013739,0.378787879,0.397131553,0.389748549
0.39548577,0.384469697,0.399604352,0.388781431
0.394504416,0.379734848,0.396636993,0.386847195
0.392541708,0.370265152,0.379327399,0.381044487
0.386653582,0.365530303,0.377843719,0.372340426
0.377821394,0.354166667,0.362017804,0.364603482
0.369970559,0.353219697,0.364490603,0.359767892
0.365063788,0.361742424,0.357072206,0.352030948
0.361629048,0.357954545,0.357072206,0.347195358
0.352306183,0.350378788,0.357072206,0.348162476
0.352306183,0.350378788,0.357072206,0.348162476
0.353287537,0.343276515,0.34470821,0.339941973
0.344946026,0.209753788,0.21859545,0.211798839
0.214916585,0.206912879,0.209198813,0.214216634
0.217369971,0.216382576,0.225024728,0.223887814
0.227183513,0.223484848,0.230959446,0.226305609
0.229636899,0.224431818,0.228486647,0.232108317
0.235525025,0.21969697,0.229970326,0.227272727
0.230618253,0.214015152,0.226013848,0.219052224
0.222276742,0.222064394,0.226013848,0.229690522
0.233071639,0.223484848,0.238377844,0.231141199
0.23454367,0.223484848,0.238377844,0.231141199
0.23454367,0.225852273,0.227002967,0.233558994
0.236997056,0.253787879,0.25074184,0.262088975
0.265947007,0.265151515,0.270029674,0.273210832
0.277232581,0.265625,0.268051434,0.27417795
0.278213935,0.285037879,0.282888229,0.281914894
0.286064769,0.294507576,0.297725025,0.289168279
0.293424926,0.303503788,0.307616222,0.306576402
0.311089303,0.359375,0.328387735,0.369922631
0.375368008,0.419981061,0.394164194,0.397485493
0.403336605,0.386837121,0.34520277,0.352030948
0.357212954,0.363162879,0.357072206,0.373791103
0.379293425,0.386363636,0.384272997,0.397001934
0.402845927,0.418560606,0.420870425,0.419729207
0.425907753,0.415246212,0.418892186,0.412475822
0.418547596,0.389204545,0.396636993,0.400386847
0.406280667,0.392518939,0.396636993,0.396034816
0.401864573,0.380681818,0.391691395,0.384912959
0.390578999,0.377367424,0.390207715,0.388297872
0.394013739,0.383996212,0.386745796,0.395067698
0.400883219,0.370265152,0.382789318,0.376208897
0.381746811,0.366003788,0.369930762,0.368955513
0.374386654,0.365530303,0.358555885,0.376208897
0.381746811,0.379261364,0.386745796,0.379110251
0.384690873,0.389204545,0.394164194,0.397001934
0.402845927,0.384469697,0.394164194,0.394584139
0.400392542,0.372632576,0.381800198,0.371373308
0.376840039,0.360795455,0.366963403,0.371373308
0.376840039,0.367424242,0.379327399,0.371373308
0.376840039,0.377367424,0.381800198,0.385880077
0.391560353,0.388731061,0.389218595,0.390715667
0.396467125,0.400568182,0.40652819,0.409090909
0.415112856,0.421875,0.423837784,0.424081238
0.430323847,0.397727273,0.40652819,0.406189555
0.412168793,0.410511364,0.417903066,0.41827853
0.424435721,0.412405303,0.421364985,0.422630561
0.428851816,0.419981061,0.428783383,0.431818182
0.438174681,0.421875,0.431256182,0.42794971
0.434249264,0.442708333,0.43620178,0.451160542
0.457801766,0.479640152,0.409495549,0.492746615
0.5,0.476799242,0.460929773,0.488878143
0.496074583,0.478219697,0.485657765,0.472920696
0.479882237,0.471590909,0.473293769,0.473404255
0.480372915,0.474431818,0.485657765,0.486943907
0.494111874,0.478219697,0.493076162,0.480174081
0.487242395,0.471117424,0.480712166,0.475338491
0.482335623,0.462594697,0.482195846,0.470019342
0.476938175,0.455492424,0.475766568,0.468085106
0.474975466,0.453598485,0.465875371,0.463249516
0.470068695,0.462594697,0.478733927,0.468085106
0.474975466,0.464015152,0.480712166,0.468085106
0.474975466,0.461174242,0.475766568,0.468085106
0.474975466,0.448390152,0.464391691,0.453578337
0.460255152,0.427083333,0.426310584,0.419729207
0.425907753,0.4375,0.446587537,0.439071567
0.445534838,0.441287879,0.451038576,0.443907157
0.450441609,0.431818182,0.443620178,0.435686654
0.442100098,0.432291667,0.445103858,0.444390716
0.450932287,0.434185606,0.451038576,0.446324952
0.452894995,0.43655303,0.451533136,0.446324952
0.452894995,0.434659091,0.446092977,0.436653772
0.443081452,0.428503788,0.446092977,0.434235977
0.440628067,0.443655303,0.453511375,0.453578337
0.460255152,0.443181818,0.455984174,0.454545455
0.461236506,0.443655303,0.455984174,0.446324952
0.452894995,0.436079545,0.453511375,0.447775629
0.454367026,0.437026515,0.455984174,0.446808511
0.453385672,0.473011364,0.474282888,0.470502901
0.477428852,0.495738636,0.49950544,0.506769826
0.514229637,0.492897727,0.496538081,0.497582205
0.504906771,0.505208333,0.523738872,0.515957447
0.523552502,0.584753788,0.546488625,0.584139265
0.592737978,0.621212121,0.585558853,0.572533849
0.580961727,0.559659091,0.56132542,0.559961315
0.568204122,0.571022727,0.564787339,0.564796905
0.573110893,0.554924242,0.574678536,0.565280464
0.57360157,0.597537879,0.579624135,0.58172147
0.590284593,0.584280303,0.59446093,0.588491296
0.597154073,0.562026515,0.585558853,0.574468085
0.582924436,0.568655303,0.588526212,0.583172147
0.591756624,0.568655303,0.590009891,0.582688588
0.591265947,0.567234848,0.591988131,0.579303675
0.587831207,0.568181818,0.582096934,0.573500967
0.581943081,0.571496212,0.584569733,0.584139265
0.592737978,0.585700758,0.579624135,0.60106383
0.609911678,0.592329545,0.59446093,0.588974855
0.59764475,0.57907197,0.590504451,0.592843327
0.601570167,0.620265152,0.604352127,0.599129594
0.60794897,0.581439394,0.604352127,0.590909091
0.599607458,0.578125,0.585064293,0.579303675
0.587831207,0.584753788,0.584569733,0.584139265
0.592737978,0.574337121,0.591988131,0.578336557
0.586849853,0.573863636,0.589515331,0.579303675
0.587831207,0.550662879,0.567260138,0.55754352
0.565750736,0.551136364,0.554896142,0.565764023
0.574092247,0.568181818,0.575173096,0.564313346
0.572620216,0.551136364,0.567260138,0.565764023
0.574092247,0.540719697,0.547477745,0.533365571
0.541216879,0.531723485,0.53016815,0.538201161
0.546123651,0.553030303,0.535113749,0.555125725
0.56329735,0.545454545,0.564787339,0.55270793
0.560843965,0.538352273,0.555390702,0.544487427
0.552502453,0.53030303,0.545004946,0.535783366
0.543670265,0.535984848,0.548466864,0.540618956
0.548577036,0.550189394,0.555390702,0.564796905
0.573110893,0.554924242,0.572205737,0.56237911
0.570657507,0.549715909,0.56231454,0.55754352
0.565750736,0.54782197,0.56231454,0.555125725
0.56329735,0.538825758,0.557368942,0.54303675
0.551030422,0.540719697,0.557863501,0.54787234
0.555937193,0.543087121,0.557368942,0.550290135
0.558390579,0.535984848,0.53016815,0.523694391
0.531403337,0.543560606,0.549950544,0.542553191
0.550539745,0.526515152,0.545004946,0.530947776
0.538763494,0.515625,0.540059347,0.526112186
0.533856722,0.524147727,0.540059347,0.526112186
0.533856722,0.519412879,0.539564787,0.526112186
0.533856722,0.512784091,0.525222552,0.526112186
0.533856722,0.517045455,0.515331355,0.509187621
0.516683023,0.486268939,0.494559842,0.481624758
0.488714426,0.497159091,0.493076162,0.494197292
0.501472031,0.479166667,0.50049456,0.487427466
0.494602552,0.480113636,0.498021761,0.485009671
0.492149166,0.487689394,0.485657765,0.483075435
0.490186457,0.487689394,0.495548961,0.500967118
0.508341511,0.489583333,0.50049456,0.487427466
0.494602552,0.490056818,0.50049456,0.489845261
0.497055937,0.502840909,0.505440158,0.516441006
0.52404318,0.509943182,0.515331355,0.50483559
0.512266928,0.507575758,0.520276954,0.514023211
0.521589794,0.504261364,0.525222552,0.516441006
0.52404318,0.508996212,0.522749753,0.514023211
0.521589794,0.500473485,0.517804154,0.514023211
0.521589794,0.502840909,0.525222552,0.512088975
0.519627085,0.528409091,0.535113749,0.542553191
0.550539745,0.519412879,0.535113749,0.521760155
0.529440628,0.508049242,0.527695351,0.514023211
0.521589794,0.504734848,0.520276954,0.506769826
0.514229637,0.507575758,0.529673591,0.516441006
0.52404318,0.505208333,0.525222552,0.516441006
0.52404318,0.502840909,0.527200791,0.513539652
0.521099117,0.502840909,0.520771513,0.51450677
0.522080471,0.498106061,0.525222552,0.511605416
0.519136408,0.49905303,0.522749753,0.511605416
0.519136408,0.505208333,0.527200791,0.517408124
0.525024534,0.499526515,0.522749753,0.50967118
0.5171737,0.495738636,0.517804154,0.505802708
0.513248283,0.498106061,0.517804154,0.510638298
0.518155054,0.493844697,0.515331355,0.501934236
0.509322866,0.489109848,0.505934718,0.501450677
0.508832188,0.489583333,0.508407517,0.502417795
0.509813543,0.486268939,0.508407517,0.497582205
0.504906771,0.487689394,0.505440158,0.499516441
0.50686948,0.489109848,0.507912957,0.5
0.507360157,0.493371212,0.509891197,0.506769826
0.514229637,0.519412879,0.520276954,0.523694391
0.531403337,0.519412879,0.53016815,0.527562863
0.535328754,0.512784091,0.520276954,0.516441006
0.52404318,0.507102273,0.527695351,0.514990329
0.522571148,0.501893939,0.525222552,0.515473888
0.523061825,0.504261364,0.517804154,0.513056093
0.52060844,0.50094697,0.522749753,0.512088975
0.519627085,0.501420455,0.520276954,0.512088975
0.519627085,0.504734848,0.523244313,0.516441006
0.52404318,0.51657197,0.53165183,0.530464217
0.538272816,0.530776515,0.545004946,0.54303675
0.551030422,0.524147727,0.547972305,0.53384913
0.541707556,0.526515152,0.548961424,0.535783366
0.543670265,0.537405303,0.559841741,0.54787234
0.555937193,0.535511364,0.552423343,0.540618956
0.548577036,0.538352273,0.555390702,0.55270793
0.560843965,0.560606061,0.560336301,0.57205029
0.58047105,0.607007576,0.599406528,0.593810445
0.602551521,0.580965909,0.596933729,0.58172147
0.590284593,0.583333333,0.589515331,0.598646035
0.607458292,0.573863636,0.576162216,0.584139265
0.592737978,0.576231061,0.59446093,0.583655706
0.592247301,0.582386364,0.59446093,0.59139265
0.600098135,0.578598485,0.599406528,0.588974855
0.59764475,0.580965909,0.604352127,0.593810445
0.602551521,0.590435606,0.604352127,0.60106383
0.609911678,0.597537879,0.604352127,0.593810445
0.602551521,0.580965909,0.599901088,0.59622824
0.605004907,0.574337121,0.599406528,0.58655706
0.595191364,0.576231061,0.596933729,0.590425532
0.599116781,0.583333333,0.599406528,0.584139265
0.592737978,0.586174242,0.59446093,0.588974855
0.59764475,0.562026515,0.579624135,0.574468085
0.582924436,0.559659091,0.575667656,0.564796905
0.573110893,0.550189394,0.560830861,0.555125725
0.56329735,0.554924242,0.564292779,0.549806576
0.557899902,0.54782197,0.56379822,0.56237911
0.570657507,0.54782197,0.565776459,0.55270793
0.560843965,0.550189394,0.569732938,0.558994197
0.567222767,0.552556818,0.569732938,0.5672147
0.575564279,0.559659091,0.579624135,0.569632495
0.578017664,0.554924242,0.574678536,0.565280464
0.57360157,0.554450758,0.574678536,0.566247582
0.574582924,0.553030303,0.569732938,0.557059961
0.565260059,0.545454545,0.569732938,0.555125725
0.56329735,0.538352273,0.564787339,0.550290135
0.558390579,0.539772727,0.554896142,0.550290135
0.558390579,0.545454545,0.556379822,0.550290135
0.558390579,0.535984848,0.554401583,0.550290135
0.558390579,0.622159091,0.582591494,0.638297872
0.647693817,0.63967803,0.634520277,0.62040619
0.629538763,0.604640152,0.617210682,0.608317215
0.617271835,0.601325758,0.62413452,0.617021277
0.626104024,0.609375,0.634025717,0.62040619
0.629538763,0.618844697,0.634025717,0.632495164
0.641805692,0.622159091,0.648862512,0.635396518
0.644749755,0.622632576,0.646389713,0.637330754
0.646712463,0.616950758,0.636498516,0.627659574
0.636898921,0.611742424,0.629080119,0.625241779
0.634445535,0.609375,0.62462908,0.622823985
0.631992149,0.616477273,0.634520277,0.627659574
0.636898921,0.614583333,0.641938675,0.627659574
0.636898921,0.621212121,0.643422354,0.627659574
0.636898921,0.616477273,0.638971316,0.625241779
0.634445535,0.611742424,0.641444115,0.625241779
0.634445535,0.626893939,0.640949555,0.627659574
0.636898921,0.614109848,0.629080119,0.629110251
0.638370952,0.611742424,0.634025717,0.625725338
0.634936212,0.611742424,0.638971316,0.627659574
0.636898921,0.618844697,0.643916914,0.633462282
0.642787046,0.62594697,0.651335312,0.642166344
0.651619235,0.627840909,0.653808111,0.641199226
0.65063788,0.637784091,0.661226508,0.651837524
0.661432777,0.651988636,0.671117705,0.668762089
0.678606477,0.692708333,0.678536103,0.709864603
0.720314033,0.734848485,0.715133531,0.734042553
0.74484789,0.715909091,0.703264095,0.709864603
0.720314033,0.696969697,0.708704253,0.705029014
0.715407262,0.696969697,0.712166172,0.714700193
0.725220805,0.716382576,0.711671612,0.734042553
0.74484789,0.730113636,0.748269041,0.733075435
0.743866536,0.71780303,0.747774481,0.734526112
0.745338567,0.71875,0.75024728,0.734042553
0.74484789,0.71969697,0.75024728,0.733075435
0.743866536,0.715909091,0.748269041,0.731141199
0.741903827,0.715435606,0.740356083,0.721953578
0.730127576,0.720643939,0.727992087,0.734526112
0.74484789,0.739583333,0.752720079,0.736460348
0.747301276,0.734848485,0.755192878,0.74032882
0.751226693,0.744318182,0.752720079,0.748065764
0.759077527,0.834753788,0.788822948,0.855415861
0.868007851,0.88967803,0.851632047,0.890232108
0.903336605,0.847537879,0.841740851,0.853481625
0.866045142,0.829545455,0.841740851,0.825918762
0.838076546,0.805871212,0.834322453,0.821083172
0.833169774,0.801136364,0.818496538,0.821083172
0.833169774,0.855587121,0.864985163,0.866537718
0.879293425,0.857954545,0.886251236,0.874758221
0.887634936,0.907670455,0.896636993,0.915377176
0.928851816,0.964488636,0.955489614,0.983075435
0.997546614,1,0.997527201,0.98549323
1,0.995265152,1,1
0.74484789,0.810606061,0.774480712,0.777562863
0.789008832,0.758522727,0.772502473,0.760638298
0.771835132,0.765625,0.78239367,0.777562863
0.789008832,0.763257576,0.772502473,0.755802708
0.766928361,0.763257576,0.760633037,0.782398453
0.793915604,0.803977273,0.807121662,0.823984526
0.836113837,0.815340909,0.84470821,0.835589942
0.847890088,0.810606061,0.78090999,0.830270793
0.84249264,0.812973485,0.832344214,0.81237911
0.8218842,0.777462121,0.774975272,0.755802708
0.766928361,0.753787879,0.774975272,0.762088975
0.773307164,0.772727273,0.78239367,0.767891683
0.779195289,0.751420455,0.762611276,0.758220503
0.769381747,0.739583333,0.752720079,0.738878143
0.749754661,0.706439394,0.724035608,0.710348162
0.720804711,0.692234848,0.698318497,0.697775629
0.708047105,0.680397727,0.703264095,0.697775629
0.708047105,0.677083333,0.700791296,0.690522244
0.700686948,0.685132576,0.6884273,0.698259188
0.708537782,0.706439394,0.703264095,0.718568665
0.729146222,0.702651515,0.715628091,0.720502901
0.73110893,0.727746212,0.705736894,0.746131528
0.757114818,0.744318182,0.765084075,0.758220503
0.769381747,0.739583333,0.762611276,0.743713733
0.754661433,0.730113636,0.752225519,0.733558994
0.744357213,0.730113636,0.747774481,0.738878143
0.749754661,0.715909091,0.735905045,0.726789168
0.737487733,0.705018939,0.703264095,0.699709865
0.710009814,0.675662879,0.6884273,0.680851064
0.690873405,0.668560606,0.678536103,0.676015474
0.685966634,0.668560606,0.671117705,0.678433269
0.68842002,0.67092803,0.690900099,0.673597679
0.683513248,0.661458333,0.673590504,0.664893617
0.67468106,0.649621212,0.666172107,0.661508704
0.67124632,0.650094697,0.663699308,0.666344294
0.676153091,0.633049242,0.651335312,0.641682785
0.651128557,0.630681818,0.653808111,0.644584139
0.676153091,0.657670455,0.678536103,0.674564797
0.684494603,0.668560606,0.690900099,0.685686654
0.695780177,0.728693182,0.724035608,0.712282398
0.722767419,0.682765152,0.703264095,0.700193424
0.710500491,0.679924242,0.698318497,0.686653772
0.696761531,0.669981061,0.697823937,0.683268859
0.693326791,0.668560606,0.690900099,0.676015474
0.685966634,0.668560606,0.693372898,0.679883946
0.689892051,0.67092803,0.695845697,0.688104449
0.698233562,0.6875,0.702274975,0.684719536
0.694798822,0.692234848,0.703264095,0.689555126
0.699705594,0.6875,0.706726014,0.701644101
0.711972522,0.682765152,0.703264095,0.700193424
0.710500491,0.706439394,0.703264095,0.709381044
0.719823356,0.682765152,0.682987141,0.668762089
0.678606477,0.651988636,0.641444115,0.644584139
0.65407262,0.663825758,0.653808111,0.680851064
0.690873405,0.644886364,0.654302671,0.644584139
0.65407262,0.647253788,0.648862512,0.637330754
0.646712463,0.623579545,0.636498516,0.627659574
0.636898921,0.612215909,0.634025717,0.627176015
0.636408243,0.607007576,0.589515331,0.6155706
0.624631992,0.588068182,0.604352127,0.592359768
0.60107949,0.566761364,0.574678536,0.5672147
0.575564279,0.557291667,0.554401583,0.540135397
0.548086359,0.5625,0.549950544,0.56237911
0.570657507,0.578598485,0.574678536,0.593810445
0.602551521,0.571496212,0.59495549,0.582205029
0.59077527,0.59280303,0.609297725,0.59622824
0.605004907,0.578598485,0.59446093,0.588974855
0.59764475,0.571496212,0.590009891,0.575435203
0.58390579,0.576231061,0.59297725,0.588974855
0.59764475,0.57907197,0.601879327,0.58655706
0.595191364,0.583333333,0.59446093,0.588974855
0.59764475,0.583333333,0.604352127,0.588974855
0.59764475,0.597537879,0.611770524,0.613152805
0.622178606,0.621212121,0.636498516,0.62040619
0.629538763,0.597537879,0.600890208,0.61073501
0.619725221,0.602272727,0.604352127,0.617988395
0.627085378,0.621212121,0.634520277,0.632011605
0.641315015,0.625473485,0.638971316,0.634912959
0.644259078,0.622632576,0.651335312,0.634912959
0.644259078,0.616950758,0.638971316,0.632495164
0.641805692,0.611742424,0.6256182,0.609767892
0.618743867,0.597537879,0.62611276,0.613152805
0.622178606,0.597537879,0.614243323,0.603481625
0.612365064,0.602272727,0.619188922,0.603481625
0.612365064,0.59280303,0.613254204,0.608317215
0.617271835,0.588068182,0.599406528,0.588974855
0.59764475,0.583333333,0.599406528,0.593810445
0.602551521,0.578598485,0.609297725,0.593810445
0.602551521,0.59280303,0.609297725,0.608317215
0.617271835,0.59280303,0.606330366,0.60589942
0.614818449,0.604640152,0.62413452,0.617988395
0.627085378,0.657670455,0.653313551,0.651837524
0.661432777,0.673768939,0.673590504,0.656673114
0.666339549,0.630681818,0.653808111,0.643133462
0.652600589,0.640151515,0.651335312,0.643617021
0.653091266,0.640151515,0.651335312,0.644584139
0.65407262,0.635416667,0.648862512,0.637330754
0.646712463,0.634943182,0.634025717,0.617988395
0.646712463,0.634943182,0.634025717,0.617988395
0.627085378,0.604640152,0.62462908,0.613152805
0.622178606,0.597537879,0.595450049,0.60106383
0.609911678,0.59280303,0.605835806,0.59622824
0.605004907,0.586174242,0.599406528,0.59622824
0.605004907,0.585700758,0.584075173,0.569148936
0.577526987,0.595170455,0.548961424,0.599613153
0.608439647,0.616003788,0.604352127,0.632011605
0.641315015,0.602272727,0.616716123,0.613152805
0.622178606,0.616003788,0.62413452,0.630077369
0.639352306,0.644886364,0.638971316,0.654255319
0.663886163,0.651988636,0.663699308,0.661508704
0.67124632,0.663825758,0.681998022,0.670696325
0.680569185,0.656723485,0.678536103,0.673597679
0.683513248,0.65625,0.671117705,0.662475822
0.672227674,0.668087121,0.678536103,0.675048356
0.68498528,0.675662879,0.692383778,0.690522244
0.700686948,0.692234848,0.710682493,0.706479691
0.716879293,0.711174242,0.71810089,0.714700193
0.725220805,0.708806818,0.716617211,0.714700193
0.725220805,0.799242424,0.732937685,0.796905222
0.808635918,0.801136364,0.808110781,0.812862669
0.824828263,0.816761364,0.807121662,0.811411992
0.824828263,0.816761364,0.807121662,0.811411992
0.823356232,0.796401515,0.819485658,0.799323017
0.811089303,0.758522727,0.784866469,0.767891683
0.779195289,0.732481061,0.745796241,0.733075435
0.743866536,0.741950758,0.711671612,0.760154739
0.771344455,0.767518939,0.777448071,0.777562863
0.789008832,0.779829545,0.802670623,0.782882012
0.794406281,0.78219697,0.792284866,0.794487427
0.806182532,0.78219697,0.802176063,0.787234043
0.798822375,0.789299242,0.81206726,0.799323017
0.811089303,0.789299242,0.802176063,0.804158607
0.815996075,0.810606061,0.826904055,0.811411992
0.823356232,0.820075758,0.831849654,0.825918762
0.838076546,0.834280303,0.851632047,0.842843327
0.855250245,0.834280303,0.851632047,0.854932302
0.867517174,0.839015152,0.870425321,0.849129594
0.861629048,0.857954545,0.866468843,0.879110251
0.89205103,0.934185606,0.910979228,0.905222437
0.918547596,0.907670455,0.915924827,0.903288201
0.916584887,0.876893939,0.908506429,0.897485493
0.910696762,0.892992424,0.908506429,0.896034816
0.90922473,0.883996212,0.896142433,0.892649903
0.90578999,0.919034091,0.925816024,0.937137331
0.950932287,0.921875,0.945598417,0.932301741
0.946025515,0.932291667,0.930267062,0.955029014
0.969087341,0.943181818,0.950544016,0.96615087
0.980372915,0.93844697,0.955489614,0.952611219
0.966633955,0.914772727,0.950544016,0.927466151
0.941118744,0.910037879,0.930761622,0.932301741
0.946025515,0.910037879,0.93867458,0.917794971
0.931305201,0.910984848,0.933234421,0.91344294
0.926889107,0.90530303,0.93818002,0.919245648
0.932777233,0.886363636,0.886251236,0.869439072
0.882237488,0.881628788,0.901088032,0.879110251
0.89205103,0.86032197,0.891196835,0.873791103
0.886653582,0.857954545,0.886251236,0.8655706
0.878312071,0.84375,0.859050445,0.838007737
0.850343474,0.86032197,0.84421365,0.854932302
0.867517174,0.881628788,0.863996044,0.885396518
0.898429833,0.883996212,0.896142433,0.881528046
0.894504416,0.863162879,0.888724036,0.867021277
0.879784102,0.848484848,0.851632047,0.839458414
0.851815505,0.858901515,0.787339268,0.850580271
0.863101079,0.867424242,0.870919881,0.864603482
0.877330716,0.866950758,0.792284866,0.811411992
0.823356232,0.813920455,0.764094955,0.74516441
0.756133464,0.810606061,0.785855589,0.813829787
0.825809617,0.872159091,0.856577646,0.83655706
0.848871443,0.894886364,0.881305638,0.86073501
0.873405299,0.839015152,0.841740851,0.83172147
0.843964671,0.852272727,0.851632047,0.842359768
0.854759568,0.815340909,0.840257171,0.829303675
0.841511286,0.798768939,0.767556874,0.748549323
0.759568204,0.804450758,0.777448071,0.813829787
0.825809617,0.822443182,0.81206726,0.792069632
0.803729146,0.772727273,0.777448071,0.763056093
0.774288518,0.756155303,0.762611276,0.770793037
0.782139352,0.785037879,0.78239367,0.782398453
0.793915604,0.785037879,0.794757666,0.794487427
0.806182532,0.786931818,0.802176063,0.782398453
0.793915604,0.767992424,0.767556874,0.756769826
0.767909715,0.723011364,0.735410485,0.729206963
0.739941119,0.70407197,0.723046489,0.721470019
0.732090285,0.74905303,0.75024728,0.74032882
0.751226693,0.785037879,0.777448071,0.803675048
0.815505397,0.798768939,0.817012859,0.804158607
0.815996075,0.823390152,0.831849654,0.830270793
0.84249264,0.813920455,0.830365974,0.828336557
0.840529931,0.807765152,0.836795252,0.816247582
0.828263003,0.801136364,0.821958457,0.821083172
0.833169774,0.791666667,0.81206726,0.811411992
0.823356232,0.770359848,0.777448071,0.768858801
0.780176644,0.767992424,0.792284866,0.777562863
0.789008832,0.78219697,0.801186944,0.801740812
0.813542689,0.798768939,0.816023739,0.801740812
0.813542689,0.774621212,0.799703264,0.789651838
0.801275761,0.772727273,0.802176063,0.792069632
0.803729146,0.792140152,0.807121662,0.794003868
0.805691855,0.794507576,0.809099901,0.806576402
0.81844946,0.791193182,0.826904055,0.806576402
0.81844946,0.798768939,0.826409496,0.813346228
0.82531894,0.793560606,0.821958457,0.806576402
0.81844946,0.799242424,0.805143422,0.794487427
0.806182532,0.775094697,0.792284866,0.777562863
0.789008832,0.741950758,0.752720079,0.734042553
0.74484789,0.720643939,0.732937685,0.738878143
0.749754661,0.724431818,0.737883284,0.736943907
0.747791953,0.732481061,0.748269041,0.743713733
0.754661433,0.740530303,0.752720079,0.742263056
0.753189401,0.739109848,0.742828882,0.734042553
0.74484789,0.715909091,0.740356083,0.734042553
0.74484789,0.720170455,0.737883284,0.719535783
0.552502453,0.540719697,0.554896142,0.540618956
0.548577036,0.509943182,0.490603363,0.496615087
0.503925417,0.46875,0.461424332,0.460831721
0.467615309,0.463541667,0.43818002,0.476305609
0.483316977,0.483901515,0.472799209,0.497098646
0.504416094,0.509943182,0.505440158,0.511121857
0.518645731,0.513731061,0.502967359,0.512572534
0.520117763,0.490530303,0.510385757,0.499516441
0.50686948,0.483901515,0.488625124,0.49032882
0.497546614,0.479166667,0.495548961,0.482591876
0.48969578,0.479640152,0.490603363,0.488394584
0.495583906,0.46969697,0.473293769,0.482591876
0.48969578,0.483901515,0.488130564,0.475338491
0.482335623,0.488636364,0.49901088,0.499032882
0.506378803,0.487689394,0.505440158,0.492746615
0.5,0.482481061,0.505440158,0.495647969
0.502944063,0.488636364,0.505440158,0.499516441
0.50686948,0.500473485,0.496538081,0.501934236
0.509322866,0.526515152,0.49851632,0.540618956
0.548577036,0.596117424,0.572700297,0.61073501
0.619725221,0.621212121,0.59495549,0.613152805
0.622178606,0.597537879,0.611770524,0.601547389
0.610402355,0.580965909,0.591988131,0.57688588
0.585377821,0.591856061,0.596933729,0.607350097
0.616290481,0.573863636,0.567260138,0.558027079
0.566241413,0.53125,0.554896142,0.540618956
0.548577036,0.553030303,0.554896142,0.567698259
0.576054956,0.570075758,0.583580613,0.574468085
0.576054956,0.570075758,0.583580613,0.574468085
0.582924436,0.569128788,0.572205737,0.575918762
0.584396467,0.552556818,0.564787339,0.550290135
0.558390579,0.562026515,0.572205737,0.57688588
0.585377821,0.568655303,0.587537092,0.579303675
0.587831207,0.574337121,0.582096934,0.582205029
0.59077527,0.555871212,0.580613254,0.565764023
0.574092247,0.572916667,0.589515331,0.58172147
0.590284593,0.574337121,0.59446093,0.584139265
0.592737978,0.564867424,0.582096934,0.5672147
0.575564279,0.554450758,0.574678536,0.5672147
0.575564279,0.569128788,0.567260138,0.584139265
0.592737978,0.569128788,0.587537092,0.573984526
0.582433759,0.571022727,0.587537092,0.586073501
0.594700687,0.639204545,0.583086053,0.628626692
0.637880275,0.597537879,0.620178042,0.613152805
0.622178606,0.59280303,0.581107814,0.608317215
0.617271835,0.602272727,0.59248269,0.613152805
0.622178606,0.614583333,0.629080119,0.613152805
0.622178606,0.608901515,0.629080119,0.624758221
0.633954858,0.630681818,0.640949555,0.647001934
0.656526006,0.635416667,0.648862512,0.643133462
0.652600589,0.649621212,0.610286845,0.661992263
0.671736997,0.650568182,0.670128586,0.661508704
0.67124632,0.647253788,0.65677547,0.647485493
0.657016683,0.633049242,0.654302671,0.642166344
0.651619235,0.630681818,0.651335312,0.643133462
0.652600589,0.629261364,0.653808111,0.642166344
0.651619235,0.62594697,0.643916914,0.632495164
0.641805692,0.620265152,0.648862512,0.636363636
0.645731109,0.621212121,0.652818991,0.636363636
0.645731109,0.623579545,0.646389713,0.639748549
0.649165849,0.623106061,0.651829871,0.637330754
0.646712463,0.621212121,0.646389713,0.634912959
0.646712463,0.621212121,0.646389713,0.634912959
0.644259078,0.614109848,0.641444115,0.630077369
0.639352306,0.602272727,0.619188922,0.611702128
0.620706575,0.59280303,0.606824926,0.607833656
0.616781158,0.597537879,0.611770524,0.613152805
0.622178606,0.598484848,0.62413452,0.614119923
0.623159961,0.602272727,0.614737883,0.601547389
0.610402355,0.59280303,0.605835806,0.603481625
0.612365064,0.588068182,0.614243323,0.60106383
0.609911678,0.588068182,0.614243323,0.603481625
0.612365064,0.602746212,0.621661721,0.608317215
0.617271835,0.609375,0.628585559,0.618471954
0.627576055,0.607954545,0.62413452,0.609284333
0.618253189,0.602272727,0.62413452,0.617988395
0.627085378,0.595170455,0.619188922,0.61073501
0.619725221,0.588068182,0.612265084,0.60106383
0.609911678,0.583333333,0.609297725,0.594294004
0.603042198,0.583333333,0.606824926,0.591876209
0.600588813,0.581912879,0.59446093,0.589458414
0.598135427,0.585700758,0.604352127,0.60106383
0.609911678,0.583333333,0.604352127,0.593326886
0.602060844,0.575757576,0.598417409,0.588974855
0.59764475,0.573863636,0.59446093,0.588974855
0.59764475,0.574337121,0.587042532,0.582688588
0.591265947,0.567708333,0.584569733,0.574468085
0.582924436,0.564393939,0.574678536,0.579303675
0.587831207,0.565340909,0.59396637,0.579787234
0.588321884,0.569128788,0.591988131,0.57688588
0.585377821,0.562026515,0.584569733,0.57688588
0.585377821,0.568655303,0.582096934,0.583655706
0.592247301,0.559659091,0.579624135,0.57205029
0.58047105,0.564393939,0.569732938,0.579303675
0.587831207,0.559659091,0.589515331,0.574468085
0.582924436,0.571496212,0.587042532,0.58655706
0.595191364,0.588068182,0.604352127,0.59139265
0.600098135,0.602272727,0.604352127,0.608317215
0.617271835,0.588068182,0.601879327,0.598646035
0.607458292,0.588068182,0.601879327,0.58655706
0.595191364,0.597537879,0.596933729,0.613152805
0.622178606,0.588068182,0.601879327,0.60106383
0.609911678,0.59280303,0.604352127,0.608317215
0.617271835,0.588068182,0.604352127,0.603481625
0.612365064,0.581439394,0.59446093,0.588974855
0.59764475,0.576231061,0.589515331,0.589941973
0.598626104,0.556818182,0.511374876,0.498065764
0.505397448,0.476799242,0.457467854,0.468085106
0.474975466,0.450757576,0.448565776,0.451160542
0.457801766,0.446969697,0.443620178,0.444874275
0.451422964,0.490056818,0.472799209,0.503384913
0.510794897,0.54592803,0.53016815,0.549806576
0.557899902,0.550189394,0.559841741,0.564796905
0.573110893,0.577651515,0.584569733,0.592843327
0.601570167,0.588068182,0.59446093,0.588974855
0.59764475,0.57907197,0.604352127,0.593810445
0.602551521,0.59280303,0.611770524,0.60589942
0.602551521,0.59280303,0.611770524,0.60589942
0.602551521,0.59280303,0.611770524,0.60589942
0.614818449,0.62594697,0.635509397,0.642166344
0.651619235,0.622159091,0.643916914,0.628626692
0.637880275,0.607007576,0.62413452,0.608317215
0.617271835,0.604640152,0.614737883,0.60106383
0.609911678,0.588068182,0.604352127,0.588974855
0.59764475,0.573863636,0.59495549,0.579787234
0.588321884,0.564393939,0.59446093,0.579303675
0.587831207,0.562026515,0.584569733,0.57688588
0.585377821,0.566761364,0.584569733,0.57688588
0.585377821,0.564393939,0.580118694,0.579303675
0.587831207,0.566761364,0.59446093,0.579787234
0.588321884,0.566761364,0.579624135,0.58172147
0.590284593,0.574337121,0.597428289,0.588974855
0.59764475,0.583333333,0.599406528,0.59139265
0.600098135,0.588068182,0.600395648,0.593326886
0.602060844,0.585700758,0.602373887,0.593326886
0.602060844,0.578598485,0.604352127,0.593326886
0.602060844,0.583333333,0.604846686,0.598162476
0.606967615,0.584753788,0.604352127,0.600096712
0.608930324,0.588068182,0.605341246,0.594294004
0.603042198,0.581439394,0.606824926,0.593810445
0.602551521,0.584280303,0.604352127,0.598646035
0.607458292,0.590435606,0.604352127,0.60589942
0.614818449,0.589015152,0.607814045,0.600580271
0.609421001,0.585700758,0.609297725,0.598646035
0.607458292,0.588068182,0.612265084,0.603481625
0.612365064,0.588068182,0.604846686,0.593810445
0.602551521,0.585700758,0.604352127,0.588974855
0.59764475,0.62594697,0.604352127,0.642166344
0.651619235,0.664299242,0.678536103,0.681334623
0.691364082,0.763257576,0.71909001,0.782398453
0.793915604,0.765625,0.752720079,0.758220503
0.769381747,0.739583333,0.765084075,0.753384913
0.764474975,0.785037879,0.772502473,0.782398453
0.793915604,0.785037879,0.802176063,0.787234043
0.798822375,0.767992424,0.801186944,0.786750484
0.798331698,0.767992424,0.787833828,0.777079304
0.788518155,0.758522727,0.791790307,0.772727273
0.784102061,0.78219697,0.797230465,0.782398453
0.793915604,0.809659091,0.81206726,0.829787234
0.842001963,0.854640152,0.861523244,0.874274662
0.887144259,0.857954545,0.87636004,0.864603482
0.877330716,0.848484848,0.866468843,0.865087041
0.877821394,0.857954545,0.871414441,0.879110251
0.89205103,0.928977273,0.910484669,0.925048356
0.938665358,0.976325758,0.961918892,0.97098646
0.985279686,0.992424242,0.96884273,0.97582205
0.985279686,0.992424242,0.96884273,0.97582205
0.990186457,0.956912879,0.980217606,0.97098646
0.985279686,0.997159091,0.995054402,0.973404255
0.987733072,0.961647727,0.965380811,0.96131528
0.975466143,0.943181818,0.950544016,0.932301741
0.946025515,0.90530303,0.933728981,0.917311412
0.930814524,0.898200758,0.928288823,0.906189555
0.91952895,0.912405303,0.935707221,0.917794971
0.931305201,0.90530303,0.940652819,0.926982592
0.940628067,0.908143939,0.935707221,0.917311412
0.930814524,0.881628788,0.879327399,0.869439072
0.882237488,0.86032197,0.878338279,0.862185687
0.874877331,0.846117424,0.851632047,0.854932302
0.867517174,0.862689394,0.891196835,0.878626692
0.891560353,0.880681818,0.914441147,0.89410058
0.907262022,0.881628788,0.90652819,0.8844294
0.897448479,0.865056818,0.899109792,0.879110251
0.89205103,0.872159091,0.901088032,0.881528046
0.894504416,0.919507576,0.928288823,0.916827853
0.930323847,0.940340909,0.958456973,0.963249516
0.977428852,0.962121212,0.982690406,0.963733075
0.977919529,0.964488636,0.970326409,0.946808511
0.960745829,0.905776515,0.896142433,0.883945841
0.896957802,0.957386364,0.930761622,0.927466151
0.941118744,0.910037879,0.925816024,0.915377176
0.928851816,0.869318182,0.863996044,0.874758221
0.887634936,0.881628788,0.915924827,0.898452611
0.911678116,0.895833333,0.925816024,0.908123791
0.921491658,0.895359848,0.925816024,0.903288201
0.916584887,0.90530303,0.935707221,0.912959381
0.92639843,0.866950758,0.851632047,0.850096712
0.862610402,0.817708333,0.847675569,0.828336557
0.840529931,0.805871212,0.809594461,0.806576402
0.81844946,0.829545455,0.802176063,0.850096712
0.862610402,0.848484848,0.839268051,0.818665377
0.830716389,0.809659091,0.826904055,0.818665377
0.830716389,0.791666667,0.829376855,0.811411992
0.823356232,0.790719697,0.826904055,0.810444874
0.822374877,0.824810606,0.824431256,0.830754352
0.842983317,0.789772727,0.829871414,0.809477756
0.821393523,0.78219697,0.792284866,0.772727273
0.784102061,0.74905303,0.747774481,0.753384913
0.764474975,0.758522727,0.773491592,0.772243714
0.783611384,0.763257576,0.777448071,0.770309478
0.781648675,0.777462121,0.797230465,0.787234043
0.798822375,0.758049242,0.785361029,0.767891683
0.779195289,0.753787879,0.787339268,0.772727273
0.784102061,0.744318182,0.777448071,0.758220503
0.769381747,0.740056818,0.765084075,0.757736944
0.76889107,0.772727273,0.787339268,0.772727273
0.784102061,0.772727273,0.802176063,0.787234043
0.798822375,0.765625,0.789812067,0.784816248
0.796368989,0.758522727,0.789812067,0.776595745
0.788027478,0.770359848,0.802176063,0.786750484
0.798331698,0.763257576,0.796241345,0.776595745
0.788027478,0.741950758,0.752720079,0.736460348
0.747301276,0.720643939,0.703264095,0.738878143
0.749754661,0.720643939,0.737883284,0.724371373
0.735034347,0.696969697,0.715628091,0.700193424
0.710500491,0.682765152,0.683481701,0.685686654
0.695780177,0.668560606,0.653808111,0.647001934
0.656526006,0.663825758,0.676557864,0.680851064
0.690873405,0.725378788,0.71859545,0.734042553
0.74484789,0.739583333,0.743323442,0.757253385
0.768400393,0.763257576,0.755192878,0.782398453
0.533366045,0.545454545,0.554401583,0.549806576
0.557899902,0.597537879,0.579624135,0.58655706
0.595191364,0.573863636,0.583580613,0.588974855
0.59764475,0.59280303,0.609297725,0.608317215
0.617271835,0.59280303,0.604352127,0.588974855
0.59764475,0.575284091,0.59495549,0.590425532
0.599116781,0.569128788,0.59446093,0.584139265
0.592737978,0.569128788,0.584569733,0.569632495
0.578017664,0.557291667,0.579624135,0.566731141
0.575073602,0.554924242,0.559841741,0.560928433
0.569185476,0.547348485,0.56231454,0.555125725
0.56329735,0.538352273,0.554896142,0.540618956
0.548577036,0.54592803,0.554896142,0.559961315
0.568204122,0.545454545,0.554896142,0.550773694
0.558881256,0.540719697,0.559841741,0.54787234
0.555937193,0.535984848,0.554896142,0.540618956
0.548577036,0.535984848,0.554896142,0.550290135
0.558390579,0.552083333,0.564787339,0.566247582
0.574582924,0.559659091,0.582096934,0.569632495
0.578017664,0.554924242,0.567260138,0.559961315
0.568204122,0.550189394,0.554896142,0.540618956
0.548577036,0.540246212,0.553907023,0.540618956
0.548577036,0.53030303,0.552423343,0.538201161
0.546123651,0.533617424,0.554896142,0.54787234
0.555937193,0.538352273,0.559841741,0.550290135
0.558390579,0.543087121,0.564787339,0.553191489
0.561334642,0.540719697,0.564787339,0.555125725
0.561334642,0.540719697,0.564787339,0.555125725
0.56329735,0.540719697,0.56181998,0.547388781
0.555446516,0.554924242,0.564787339,0.564796905
0.573110893,0.573390152,0.589515331,0.584139265
0.592737978,0.604640152,0.614243323,0.598646035
0.607458292,0.588068182,0.59446093,0.598646035
0.607458292,0.590435606,0.611770524,0.599129594
0.60794897,0.583333333,0.606824926,0.59139265
0.600098135,0.578598485,0.595450049,0.58655706
0.595191364,0.583333333,0.604352127,0.598646035
0.607458292,0.575757576,0.598417409,0.588007737
0.596663395,0.573863636,0.596439169,0.58172147
0.590284593,0.573390152,0.59446093,0.584139265
0.592737978,0.573863636,0.59446093,0.584139265
0.592737978,0.584753788,0.600395648,0.59139265
0.600098135,0.587594697,0.599406528,0.588974855
0.59764475,0.576231061,0.601384768,0.588974855
0.59764475,0.590435606,0.606824926,0.597195358
0.605986261,0.607007576,0.619188922,0.60589942
0.614818449,0.590435606,0.611770524,0.598162476
0.606967615,0.588068182,0.604352127,0.594777563
0.603532875,0.574337121,0.599406528,0.588974855
0.59764475,0.573863636,0.591988131,0.588974855
0.59764475,0.569128788,0.59446093,0.579303675
0.587831207,0.567234848,0.59347181,0.582205029
0.59077527,0.572916667,0.597922849,0.585589942
0.59421001,0.585700758,0.600890208,0.592359768
0.60107949,0.609848485,0.604352127,0.6155706
0.624631992,0.614109848,0.62413452,0.613152805
0.622178606,0.602272727,0.611770524,0.59622824
0.605004907,0.585700758,0.59297725,0.599129594
0.60794897,0.587594697,0.614243323,0.598646035
0.607458292,0.583333333,0.604352127,0.591876209
0.600588813,0.580965909,0.604352127,0.588974855
0.59764475,0.57717803,0.604352127,0.588974855
0.59764475,0.57717803,0.599901088,0.588974855
0.59764475,0.589015152,0.608803165,0.593326886
0.602060844,0.585700758,0.599406528,0.588974855
0.59764475,0.576231061,0.601879327,0.590909091
0.599607458,0.578598485,0.601879327,0.58655706
0.595191364,0.573863636,0.59446093,0.584139265
0.592737978,0.576231061,0.596933729,0.58655706
0.595191364,0.578125,0.597922849,0.588974855
0.59764475,0.582859848,0.604352127,0.593810445
0.602551521,0.591856061,0.609297725,0.598162476
0.606967615,0.588068182,0.613254204,0.60106383
0.609911678,0.614583333,0.619188922,0.630077369
0.639352306,0.675662879,0.648862512,0.691005803
0.701177625,0.715909091,0.708704253,0.695357834
0.705593719,0.678030303,0.68793274,0.685203095
0.6952895,0.673295455,0.697823937,0.680851064
0.690873405,0.668087121,0.678536103,0.666344294
0.676153091,0.651988636,0.65776459,0.65860735
0.668302257,0.656723485,0.675568744,0.668762089
0.678606477,0.673295455,0.693372898,0.681334623
0.691364082,0.67092803,0.694362018,0.681818182
0.69185476,0.668087121,0.693372898,0.680851064
0.690873405,0.668560606,0.690900099,0.685686654
0.695780177,0.675662879,0.700791296,0.690522244
0.700686948,0.678503788,0.708209693,0.695357834
0.705593719,0.684185606,0.710682493,0.694874275
0.705103042,0.703598485,0.713155292,0.719535783
0.730127576,0.732007576,0.75074184,0.734042553
0.74484789,0.753787879,0.772502473,0.763056093
0.774288518,0.744791667,0.762611276,0.753868472
0.764965653,0.744791667,0.770029674,0.758704062
0.769872424,0.744318182,0.768051434,0.763056093
0.774288518,0.743371212,0.767556874,0.750967118
0.76202159,0.732007576,0.755192878,0.749516441
0.760549558,0.744318182,0.770524233,0.751934236
0.763002944,0.76467803,0.777448071,0.783365571
0.794896958,0.772727273,0.792779426,0.773210832
0.784592738,0.74905303,0.777942631,0.763056093
0.774288518,0.736742424,0.752720079,0.749516441
0.760549558,0.760890152,0.78239367,0.767891683
0.779195289,0.758522727,0.784866469,0.772727273
0.784102061,0.755681818,0.783382789,0.767408124
0.778704612,0.748579545,0.772997033,0.767408124
0.778704612,0.746685606,0.773491592,0.758220503
0.769381747,0.744318182,0.771018793,0.751934236
0.763002944,0.738636364,0.765578635,0.747098646
0.758096173,0.74905303,0.75024728,0.767891683
0.779195289,0.74905303,0.78239367,0.767891683
0.779195289,0.760416667,0.78239367,0.773210832
0.784592738,0.758522727,0.787339268,0.76934236
0.780667321,0.756628788,0.789812067,0.770309478
0.781648675,0.770359848,0.77992087,0.787234043
0.798822375,0.78219697,0.77992087,0.772727273
0.784102061,0.760890152,0.767556874,0.768375242
0.779685967,0.751420455,0.777942631,0.766924565
0.778213935,0.744318182,0.769040554,0.753868472
0.764965653,0.744318182,0.758160237,0.743713733
0.754661433,0.730113636,0.752720079,0.743713733
0.754661433,0.725378788,0.747774481,0.737911025
0.748773307,0.718276515,0.727992087,0.709864603
0.720314033,0.715909091,0.737883284,0.731624758
0.742394504,0.734848485,0.752720079,0.750967118
0.76202159,0.73532197,0.765084075,0.753868472
0.764965653,0.73532197,0.767062315,0.752901354
0.763984298,0.791666667,0.752720079,0.802224371
0.814033366,0.826231061,0.792779426,0.787234043
0.798822375,0.777462121,0.792284866,0.772727273
0.784102061,0.767992424,0.792284866,0.777079304
0.788518155,0.762310606,0.792284866,0.779980658
0.791462218,0.762784091,0.78239367,0.770309478
0.781648675,0.763257576,0.789812067,0.770793037
0.782139352,0.760890152,0.789812067,0.775628627
0.787046124,0.777462121,0.797230465,0.786266925
0.797841021,0.801136364,0.794757666,0.801740812
0.813542689,0.816287879,0.826904055,0.830754352
0.842983317,0.839015152,0.851632047,0.854932302
0.867517174,0.862215909,0.87636004,0.865087041
0.877821394,0.853219697,0.87636004,0.854932302
0.867517174,0.825757576,0.84272997,0.835589942
0.847890088,0.8125,0.846191889,0.830754352
0.842983317,0.810606061,0.841740851,0.828336557
0.840529931,0.810606061,0.837289812,0.821083172
0.833169774,0.810132576,0.836795252,0.818665377
0.830716389,0.814393939,0.84272997,0.828336557
0.840529931,0.810606061,0.831849654,0.821083172
0.833169774,0.802083333,0.777448071,0.812862669
0.824828263,0.78219697,0.792779426,0.796905222
0.808635918,0.809185606,0.814540059,0.803675048
0.815505397,0.808238636,0.824431256,0.816247582
0.828263003,0.818655303,0.836795252,0.825435203
0.837585868,0.834280303,0.846686449,0.838007737
0.850343474,0.840435606,0.857072206,0.840425532
0.85279686,0.831912879,0.851632047,0.842843327
0.855250245,0.848484848,0.868941642,0.859767892
0.872423945,0.857954545,0.87388724,0.854932302
0.867517174,0.848484848,0.87636004,0.862669246
0.875368008,0.857954545,0.868941642,0.862185687
0.874877331,0.855587121,0.835806133,0.861218569
0.873895976,0.84375,0.861523244,0.855415861
0.868007851,0.829545455,0.851632047,0.850096712
0.862610402,0.816287879,0.839762611,0.823500967
0.83562316,0.803503788,0.81206726,0.80270793
0.814524043,0.810132576,0.821958457,0.804158607
0.815996075,0.770833333,0.772502473,0.753384913
0.764474975,0.776988636,0.794263106,0.796421663
0.80814524,0.820075758,0.797230465,0.806576402
0.81844946,0.809185606,0.821958457,0.811411992
0.823356232,0.810606061,0.81256182,0.801740812
0.813542689,0.763257576,0.755192878,0.763056093
0.774288518,0.758522727,0.760138477,0.775145068
0.786555447,0.765625,0.789812067,0.777562863
0.789008832,0.767992424,0.792284866,0.777562863
0.789008832,0.763257576,0.784866469,0.771276596
0.782630029,0.758522727,0.787339268,0.777079304
0.788518155,0.765625,0.792284866,0.782398453
0.793915604,0.78219697,0.789317507,0.794487427
0.806182532,0.801136364,0.81206726,0.792069632
0.803729146,0.801136364,0.826904055,0.815280464
0.827281649,0.793560606,0.821958457,0.811411992
0.823356232,0.799715909,0.826904055,0.813829787
0.825809617,0.820075758,0.837784372,0.834622824
0.825809617,0.820075758,0.837784372,0.834622824
0.846908734,0.848011364,0.87636004,0.8655706
0.878312071,0.855587121,0.849159248,0.854932302
0.867517174,0.880681818,0.87636004,0.863636364
0.876349362,0.843276515,0.866468843,0.849129594
0.861629048,0.829545455,0.851632047,0.835589942
0.847890088,0.812973485,0.839268051,0.825918762
0.838076546,0.834280303,0.851632047,0.836073501
0.848380765,0.824810606,0.831849654,0.815764023
0.827772326,0.805871212,0.821958457,0.806576402
0.552502453,0.526515152,0.53016815,0.523694391
0.531403337,0.507575758,0.505440158,0.492263056
0.499509323,0.517518939,0.498021761,0.531431335
0.539254171,0.519412879,0.535113749,0.525145068
0.532875368,0.512310606,0.533630069,0.523210832
0.530912659,0.525568182,0.535113749,0.536750484
0.544651619,0.526515152,0.545004946,0.530947776
0.538763494,0.526515152,0.545994065,0.534816248
0.542688911,0.530776515,0.552423343,0.540618956
0.548577036,0.53125,0.545004946,0.535783366
0.543670265,0.526515152,0.545004946,0.530947776
0.538763494,0.526515152,0.535113749,0.526112186
0.533856722,0.517045455,0.526706231,0.528046422
0.535819431,0.526515152,0.528189911,0.535299807
0.543179588,0.524147727,0.545499505,0.535783366
0.543670265,0.521780303,0.542532146,0.533365571
0.541216879,0.519412879,0.536102868,0.523694391
0.531403337,0.512310606,0.525222552,0.511605416
0.519136408,0.498579545,0.506429278,0.506286267
0.51373896,0.5,0.507912957,0.511605416
0.519136408,0.505208333,0.520276954,0.518858801
0.526496565,0.524147727,0.535113749,0.521276596
0.528949951,0.507575758,0.522749753,0.511121857
0.518645731,0.506628788,0.511374876,0.504352031
0.511776251,0.486742424,0.493076162,0.496131528
0.50343474,0.483901515,0.503956479,0.492263056
0.499509323,0.488636364,0.50049456,0.493713733
0.500981354,0.493371212,0.506923838,0.502901354
0.51030422,0.491003788,0.510385757,0.5
0.507360157,0.489109848,0.502967359,0.489845261
0.497055937,0.481534091,0.485657765,0.477756286
0.484789009,0.455492424,0.454005935,0.458413926
0.465161923,0.46969697,0.458456973,0.460831721
0.467615309,0.457859848,0.458456973,0.458413926
0.465161923,0.444128788,0.454005935,0.443907157
0.450441609,0.43655303,0.450544016,0.441489362
0.447988224,0.426136364,0.426310584,0.422147002
0.428361138,0.450757576,0.381800198,0.463249516
0.470068695,0.457859848,0.455984174,0.470502901
0.477428852,0.479166667,0.475766568,0.487911025
0.495093229,0.495265152,0.481701286,0.479690522
0.486751717,0.464962121,0.455984174,0.477756286
0.484789009,0.474431818,0.460929773,0.463249516
0.470068695,0.455492424,0.464886251,0.462282398
0.469087341,0.450757576,0.46834817,0.460831721
0.467615309,0.448390152,0.463897132,0.458413926
0.465161923,0.438920455,0.455984174,0.443907157
0.450441609,0.434185606,0.451038576,0.439071567
0.445534838,0.434185606,0.443620178,0.434235977
0.440628067,0.429924242,0.43867458,0.434235977
0.440628067,0.427083333,0.43867458,0.431818182
0.438174681,0.42282197,0.441641939,0.434235977
0.440628067,0.42282197,0.43867458,0.429400387
0.435721295,0.413352273,0.421364985,0.411508704
0.417566241,0.403409091,0.418397626,0.410058027
0.41609421,0.392992424,0.40652819,0.399419729
0.405299313,0.384469697,0.367457962,0.385396518
0.391069676,0.377367424,0.381800198,0.383462282
0.389106968,0.393465909,0.397131553,0.404738878
0.410696762,0.40719697,0.418892186,0.410058027
0.41609421,0.408143939,0.418892186,0.416827853
0.42296369,0.408143939,0.418892186,0.407640232
0.413640824,0.398200758,0.413946588,0.402804642
0.408734053,0.393939394,0.40652819,0.397969052
0.403827282,0.389204545,0.404055391,0.400386847
0.406280667,0.398200758,0.411473788,0.404738878
0.410696762,0.408617424,0.418892186,0.413926499
0.420019627,0.415246212,0.426310584,0.426982592
0.43326791,0.415246212,0.429277943,0.424564797
0.430814524,0.408143939,0.421364985,0.414893617
0.421000981,0.403409091,0.409000989,0.399419729
0.405299313,0.396306818,0.40652819,0.397969052
0.403827282,0.390151515,0.401582591,0.397485493
0.403336605,0.39157197,0.40652819,0.395551257
0.401373896,0.39157197,0.40652819,0.398452611
0.404317959,0.392045455,0.40652819,0.395551257
0.401373896,0.384469697,0.397131553,0.38926499
0.394995093,0.365056818,0.369930762,0.367021277
0.372423945,0.35842803,0.357072206,0.362669246
0.368007851,0.348958333,0.332344214,0.330270793
0.335132483,0.332386364,0.309594461,0.342359768
0.347399411,0.360795455,0.357072206,0.367504836
0.372914622,0.377367424,0.376854599,0.373791103
0.379293425,0.375,0.363006924,0.373791103
0.379293425,0.363162879,0.366963403,0.356866538
0.362119725,0.347537879,0.357072206,0.349613153
0.354759568,0.346590909,0.348170129,0.344777563
0.349852797,0.332859848,0.34223541,0.332688588
0.337585868,0.310132576,0.305143422,0.301257253
0.305691855,0.327651515,0.295252226,0.332688588
0.337585868,0.325284091,0.330365974,0.327852998
0.332679097,0.34280303,0.34223541,0.352998066
0.358194308,0.364583333,0.364490603,0.374274662
0.379784102,0.384469697,0.370425321,0.393617021
0.399411187,0.407670455,0.411473788,0.405222437
0.411187439,0.408143939,0.404055391,0.402804642
0.408734053,0.386837121,0.394164194,0.388297872
0.394013739,0.377367424,0.389218595,0.381528046
0.387144259,0.370265152,0.359545005,0.349613153
0.354759568,0.337121212,0.345697329,0.344777563
0.349852797,0.340435606,0.351137488,0.347195358
0.352306183,0.347064394,0.357566766,0.356866538
0.362119725,0.366003788,0.354599407,0.371373308
0.376840039,0.370265152,0.382294758,0.380560928
0.386162905,0.360795455,0.368941642,0.364119923
0.369479882,0.366950758,0.37487636,0.364603482
0.369970559,0.365530303,0.3743818,0.373791103
0.379293425,0.367897727,0.376854599,0.370889749
0.376349362,0.36032197,0.367457962,0.366537718
0.371933268,0.36032197,0.372403561,0.366537718
0.371933268,0.358901515,0.371909001,0.366537718
0.371933268,0.367897727,0.376854599,0.376208897
0.381746811,0.372632576,0.381800198,0.383462282
0.389106968,0.402462121,0.396636993,0.386363636
0.39205103,0.383996212,0.389218595,0.381044487
0.386653582,0.398200758,0.396636993,0.395551257
0.401373896,0.42282197,0.420870425,0.431818182
0.438174681,0.434659091,0.431256182,0.429400387
0.435721295,0.417613636,0.426805143,0.419729207
0.425907753,0.427556818,0.43620178,0.433752418
0.44013739,0.486742424,0.431256182,0.4327853
0.439156035,0.428977273,0.431256182,0.434235977
0.440628067,0.422348485,0.434223541,0.429400387
0.435721295,0.424715909,0.425816024,0.428433269
0.434739941,0.419981061,0.431256182,0.431818182
0.438174681,0.445075758,0.452027695,0.443907157
0.450441609,0.448390152,0.452027695,0.451160542
0.457801766,0.431818182,0.43867458,0.439071567
0.445534838,0.427083333,0.426310584,0.422630561
0.428851816,0.410984848,0.413946588,0.402804642
0.408734053,0.405776515,0.40652819,0.414893617
0.421000981,0.417613636,0.426310584,0.420212766
0.42639843,0.455492424,0.446092977,0.443423598
0.449950932,0.431818182,0.443620178,0.443423598
0.449950932,0.429924242,0.441147379,0.439071567
0.445534838,0.421875,0.43867458,0.431334623
0.437684004,0.42282197,0.434718101,0.434235977
0.440628067,0.422348485,0.428783383,0.417311412
0.423454367,0.405776515,0.423837784,0.412475822
0.418547596,0.429924242,0.43620178,0.428916828
0.435230618,0.417613636,0.432245302,0.424564797
0.430814524,0.412878788,0.418892186,0.412475822
0.418547596,0.414772727,0.416419387,0.414893617
0.421000981,0.422348485,0.431256182,0.424564797
0.430814524,0.417613636,0.43620178,0.424564797
0.430814524,0.42092803,0.43620178,0.424564797
0.430814524,0.412878788,0.424332344,0.423597679
0.42983317,0.412878788,0.431256182,0.424564797
0.430814524,0.415246212,0.426310584,0.421663443
0.427870461,0.412878788,0.423837784,0.419729207
0.425907753,0.412405303,0.423837784,0.412475822
0.418547596,0.412878788,0.426310584,0.419729207
0.425907753,0.411458333,0.426805143,0.42311412
0.429342493,0.409564394,0.423837784,0.413926499
0.420019627,0.405776515,0.40603363,0.395067698
0.400883219,0.39157197,0.401582591,0.395551257
0.401373896,0.396306818,0.404055391,0.395551257
0.401373896,0.384943182,0.391691395,0.385880077
0.391560353,0.388731061,0.396636993,0.395551257
0.401373896,0.398674242,0.40652819,0.404738878
0.410696762,0.403409091,0.413452028,0.402804642
0.408734053,0.39157197,0.40652819,0.401353965
0.407262022,0.390151515,0.391691395,0.382011605
0.387634936,0.374526515,0.382294758,0.376208897
0.381746811,0.374526515,0.384272997,0.376208897
0.381746811,0.365530303,0.381800198,0.372340426
0.377821394,0.386363636,0.385756677,0.385880077
0.391560353,0.375,0.383283877,0.375725338
0.381256133,0.365530303,0.379327399,0.371373308
0.376840039,0.363162879,0.37487636,0.367504836
0.372914622,0.365530303,0.381800198,0.376208897
0.381746811,0.376893939,0.382294758,0.372340426
0.377821394,0.379734848,0.389218595,0.390232108
0.395976447,0.383996212,0.399109792,0.391199226
0.396957802,0.384469697,0.399109792,0.395067698
0.400883219,0.383996212,0.386745796,0.385396518
0.391069676,0.375,0.391691395,0.383462282
0.389106968,0.374526515,0.392680514,0.383945841
0.389597645,0.377367424,0.394164194,0.383462282
0.389106968,0.384469697,0.394164194,0.395551257
0.401373896,0.396306818,0.401582591,0.395551257
0.401373896,0.386837121,0.401582591,0.392166344
0.397939156,0.389204545,0.40652819,0.398452611
0.404317959,0.393939394,0.411473788,0.404738878
0.410696762,0.396306818,0.412462908,0.406673114
0.41265947,0.398674242,0.40652819,0.410058027
0.41609421,0.431344697,0.426310584,0.44245648
0.448969578,0.455492424,0.455489614,0.462282398
0.469087341,0.464962121,0.480712166,0.471953578
0.478900883,0.464962121,0.483679525,0.471953578
0.478900883,0.462594697,0.470820969,0.460831721
0.467615309,0.455492424,0.455984174,0.448742747
0.455348381,0.441287879,0.459446093,0.449709865
0.456329735,0.45217803,0.461918892,0.453578337
0.460255152,0.450757576,0.46834817,0.45696325
0.463689892,0.446022727,0.460929773,0.453578337
0.460255152,0.445549242,0.465875371,0.454545455
0.461236506,0.451704545,0.46834817,0.460831721
0.467615309,0.450757576,0.470820969,0.462282398
0.469087341,0.467329545,0.481701286,0.476305609
0.483316977,0.494791667,0.505440158,0.505802708
0.513248283,0.513731061,0.53016815,0.525145068
0.532875368,0.525568182,0.542532146,0.530947776
0.538763494,0.51657197,0.523244313,0.520309478
0.527968597,0.511837121,0.527695351,0.516441006
0.52404318,0.502367424,0.515331355,0.501934236
0.509322866,0.495738636,0.511869436,0.500967118
0.508341511,0.503314394,0.510385757,0.510154739
0.517664377,0.507575758,0.521266073,0.509187621
0.516683023,0.493371212,0.512858556,0.501934236
0.509322866,0.493371212,0.513847676,0.506286267
0.51373896,0.498106061,0.520276954,0.506769826
0.514229637,0.493371212,0.514342235,0.506286267
0.51373896,0.53125,0.53264095,0.524661509
0.532384691,0.526041667,0.534124629,0.522243714
0.529931305,0.512310606,0.516320475,0.510154739
0.517664377,0.502840909,0.504945598,0.492263056
0.499509323,0.479640152,0.475766568,0.475338491
0.482335623,0.486268939,0.490603363,0.489361702
0.49656526,0.479166667,0.493076162,0.480174081
0.487242395,0.473484848,0.471810089,0.460348162
0.467124632,0.455492424,0.462413452,0.458413926
0.280667321,0.258996212,0.253709199,0.246131528
0.249754661,0.237689394,0.243323442,0.243230174
0.246810599,0.247159091,0.252720079,0.252901354
0.256624141,0.268465909,0.263105836,0.272243714
0.276251227,0.275568182,0.285361029,0.281431335
0.285574092,0.277462121,0.284866469,0.276595745
0.280667321,0.270833333,0.278931751,0.276595745
0.280667321,0.273200758,0.286844708,0.279497099
0.283611384,0.273200758,0.283382789,0.281431335
0.285574092,0.273200758,0.279426311,0.281914894
0.286064769,0.275094697,0.28041543,0.272243714
0.276251227,0.263731061,0.258160237,0.259187621
0.263002944,0.254261364,0.258160237,0.252901354
0.256624141,0.247632576,0.253214639,0.252901354
0.256624141,0.246685606,0.257665678,0.250483559
0.254170756,0.244791667,0.255687438,0.250483559
0.254170756,0.251420455,0.258160237,0.25967118
0.263493621,0.282670455,0.268051434,0.291586074
0.295878312,0.285511364,0.290306627,0.285783366
0.289990186,0.28030303,0.289812067,0.287717602
0.291952895,0.282670455,0.292779426,0.285299807
0.289499509,0.28030303,0.287833828,0.281914894
0.286064769,0.275568182,0.283382789,0.278046422
0.282139352,0.273200758,0.275469832,0.267408124
0.271344455,0.261363636,0.270524233,0.264990329
0.26889107,0.258522727,0.268051434,0.262572534
0.266437684,0.254261364,0.263105836,0.25967118
0.263493621,0.258996212,0.268051434,0.260154739
0.263984298,0.256628788,0.262116716,0.257736944
0.261530913,0.247159091,0.255192878,0.251934236
0.255642787,0.242424242,0.248269041,0.245647969
0.249263984,0.240056818,0.245796241,0.24032882
0.243866536,0.232954545,0.240850643,0.233558994
0.236997056,0.225852273,0.223541048,0.216634429
0.219823356,0.21875,0.21909001,0.226305609
0.229636899,0.225852273,0.233432245,0.231624758
0.235034347,0.242424242,0.239861523,0.250483559
0.254170756,0.246212121,0.256676558,0.250483559
0.254170756,0.242424242,0.248269041,0.241779497
0.245338567,0.242424242,0.242334322,0.235009671
0.238469087,0.222064394,0.228486647,0.221470019
0.224730128,0.224431818,0.223541048,0.223887814
0.227183513,0.227272727,0.238377844,0.234042553
0.237487733,0.230587121,0.241345203,0.234042553
0.237487733,0.232954545,0.243323442,0.238394584
0.241903827,0.234848485,0.238377844,0.233558994
0.236997056,0.232954545,0.240850643,0.240812379
0.244357213,0.237689394,0.248269041,0.240812379
0.244357213,0.237689394,0.243323442,0.24032882
0.243866536,0.23342803,0.241345203,0.234042553
0.237487733,0.228219697,0.235905045,0.235976789
0.239450442,0.232954545,0.240850643,0.235009671
0.238469087,0.231060606,0.235905045,0.233075435
0.236506379,0.226799242,0.234421365,0.234526112
0.23797841,0.228219697,0.234915925,0.231141199
0.23454367,0.223484848,0.235905045,0.229206963
0.232580962,0.227746212,0.237883284,0.231141199
0.23454367,0.223484848,0.233432245,0.228723404
0.232090285,0.225378788,0.238377844,0.231141199
0.23454367,0.223958333,0.235905045,0.228723404
0.232090285,0.223484848,0.230959446,0.228723404
0.232090285,0.223484848,0.230959446,0.22582205
0.229146222,0.221117424,0.232443126,0.226305609
0.229636899,0.221117424,0.223541048,0.223887814
0.227183513,0.215435606,0.223541048,0.218568665
0.221786065,0.208806818,0.201285856,0.19729207
0.200196271,0.190340909,0.166666667,0.16344294
0.165848871,0.178503788,0.169139466,0.185203095
0.187929342,0.195549242,0.191394659,0.19245648
0.1952895,0.195075758,0.183976261,0.180367505
0.183022571,0.186079545,0.1884273,0.19245648
0.1952895,0.190340909,0.195845697,0.192940039
0.195780177,0.193655303,0.198813056,0.196808511
0.199705594,0.195075758,0.203264095,0.19729207
0.200196271,0.191761364,0.193867458,0.18762089
0.190382728,0.182291667,0.18644906,0.185203095
0.187929342,0.178977273,0.171612265,0.16827853
0.170755643,0.169034091,0.164193867,0.172630561
0.175171737,0.169034091,0.171612265,0.172630561
0.175171737,0.168087121,0.175568744,0.172630561
0.175171737,0.166666667,0.174085064,0.168762089
0.17124632,0.162878788,0.164193867,0.161025145
0.163395486,0.166193182,0.169139466,0.171663443
0.174190383,0.173768939,0.181008902,0.176982592
0.179587831,0.173768939,0.181503462,0.178916828
0.18155054,0.180871212,0.18793274,0.18762089
0.190382728,0.194128788,0.196340257,0.19729207
0.200196271,0.194602273,0.201780415,0.195357834
0.198233562,0.191287879,0.195845697,0.191005803
0.193817468,0.182291667,0.191394659,0.188588008
0.191364082,0.178977273,0.18892186,0.185686654
0.18842002,0.180871212,0.18743818,0.185203095
0.187929342,0.180871212,0.18892186,0.18762089
0.190382728,0.182765152,0.189416419,0.183752418
0.186457311,0.183238636,0.18892186,0.186653772
0.189401374,0.196969697,0.196340257,0.204061896
0.210009814,0.207386364,0.211671612,0.207930368
0.214916585,0.209280303,0.205242334,0.20212766
0.202649657,0.193181818,0.201285856,0.199709865
0.205103042,0.195075758,0.201780415,0.19729207
0.200196271,0.190340909,0.191394659,0.18762089
0.1952895,0.187973485,0.1884273,0.182301741
0.185475957,0.183238636,0.18644906,0.186653772
0.185475957,0.179450758,0.18644906,0.1827853
0.1781158,0.169034091,0.170128586,0.170212766
0.182531894,0.180871212,0.174579624,0.170696325
0.173209028,0.176136364,0.171612265,0.17794971
0.181059863,0.178503788,0.184470821,0.1827853
0.185475957,0.176136364,0.179030663,0.175048356
0.175662414,0.168087121,0.176557864,0.174564797
0.174190383,0.167140152,0.171117705,0.16827853
0.175662414,0.166666667,0.174085064,0.16827853
0.170755643,0.164299242,0.170623145,0.164893617
0.168302257,0.161458333,0.168644906,0.165860735
0.170755643,0.161931818,0.165182987,0.161025145
0.1609421,0.154829545,0.158259149,0.161025145
0.156035329,0.148200758,0.151829871,0.146518375
0.144259078,0.142992424,0.143916914,0.141682785
0.1437684,0.131155303,0.119683482,0.117504836
0.119234544,0.12405303,0.103857567,0.124274662
0.131501472,0.132575758,0.12512364,0.138297872
0.143277723,0.14157197,0.142927794,0.13926499
0.1437684,0.135890152,0.118199802,0.127176015
0.129048086,0.123579545,0.128090999,0.127176015
0.129048086,0.12405303,0.129080119,0.12959381
0.132482826,0.131155303,0.134520277,0.136847195
0.141315015,0.137310606,0.141938675,0.13926499
0.142296369,0.152462121,0.145400593,0.153288201
0.163395486,0.161931818,0.15628091,0.150870406
0.151128557,0.147727273,0.149357072,0.147001934
0.147693817,0.144886364,0.149357072,0.147969052
0.155544652,0.147253788,0.153313551,0.148452611
0.153581943,0.147253788,0.148862512,0.14893617
0.151128557,0.147253788,0.149357072,0.151837524
0.156035329,0.150094697,0.15776459,0.154738878
0.158488714,0.171401515,0.158753709,0.17311412
0.180569185,0.176136364,0.179525223,0.180367505
0.18842002,0.183712121,0.18793274,0.185203095
0.195780177,0.186079545,0.183976261,0.17794971
0.183022571,0.178030303,0.175074184,0.169245648
0.175662414,0.169034091,0.174085064,0.17311412
0.180569185,0.171401515,0.169139466,0.16827853
0.163395486,0.15719697,0.160237389,0.160058027
0.16437684,0.159564394,0.15727003,0.158123791
0.161432777,0.159564394,0.163699308,0.158123791
0.158488714,0.150568182,0.159248269,0.156189555
0.1609421,0.152462121,0.158259149,0.153288201
0.158979392,0.152462121,0.15776459,0.15860735
0.158488714,0.154356061,0.160731949,0.155222437
0.156035329,0.152462121,0.15727003,0.155222437
0.15750736,0.149621212,0.154302671,0.15377176
0.156035329,0.151041667,0.15677547,0.154738878
0.157016683,0.148674242,0.158753709,0.15377176
0.158488714,0.150094697,0.159742829,0.154738878
0.166830226,0.158143939,0.159248269,0.15377176
0.156035329,0.152462121,0.15727003,0.153288201
0.156035329,0.149147727,0.15677547,0.151353965
0.153581943,0.147253788,0.151335312,0.147485493
0.152109912,0.147253788,0.154302671,0.14893617
0.151128557,0.142992424,0.148367953,0.148452611
0.15063788,0.153409091,0.151829871,0.159574468
0.159470069,0.152462121,0.158753709,0.153288201
0.156035329,0.153882576,0.158753709,0.15377176
0.158488714,0.150094697,0.15677547,0.15377176
0.156035329,0.147727273,0.149357072,0.14410058
0.141315015,0.140625,0.144411474,0.143617021
0.155053974,0.147727273,0.153313551,0.14893617
0.151128557,0.142992424,0.146884273,0.141682785
0.141315015,0.133522727,0.131552918,0.132495164
0.133954858,0.135890152,0.132047478,0.132011605
0.136408243,0.128787879,0.132047478,0.132011605
0.136408243,0.128787879,0.132047478,0.132011605
0.136408243,0.130208333,0.136993076,0.133462282
0.133954858,0.128314394,0.129574679,0.125725338
0.129048086,0.126420455,0.128090999,0.126208897
0.128557409,0.121212121,0.129574679,0.125241779
0.126594701,0.121685606,0.129574679,0.124758221
0.129048086,0.121685606,0.129574679,0.125725338
0.128066732,0.120738636,0.127596439,0.125725338
0.129048086,0.121685606,0.12462908,0.120889749
0.119234544,0.115056818,0.120672601,0.118955513
0.121687929,0.116950758,0.120178042,0.119922631
0.122669284,0.126420455,0.12512364,0.12040619
0.129048086,0.121685606,0.122156281,0.118955513
0.120706575,0.113636364,0.118199802,0.115087041
0.116781158,0.112689394,0.118694362,0.115087041
0.116781158,0.109848485,0.116221563,0.113636364
0.116781158,0.113636364,0.119188922,0.117021277
0.127576055,0.125473485,0.12363996,0.124758221
0.127085378,0.119791667,0.118694362,0.114119923
0.116781158,0.112689394,0.118199802,0.113636364
0.116781158,0.113636364,0.118199802,0.114119923
0.114327772,0.110795455,0.115232443,0.111218569
0.112855741,0.109848485,0.115727003,0.115087041
0.114327772,0.11032197,0.111275964,0.1155706
0.115309127,0.10842803,0.109297725,0.105415861
0.109421001,0.102746212,0.108308605,0.105415861
0.106967615,0.102746212,0.108803165,0.105415861
0.106967615,0.100378788,0.108308605,0.105415861
0.106476938,0.100378788,0.108803165,0.105415861
0.106967615,0.102746212,0.108803165,0.104932302
0.106967615,0.100378788,0.108308605,0.103965184
0.106967615,0.104166667,0.109297725,0.107833656
0.116290481,0.109375,0.114243323,0.110251451
0.111874387,0.106534091,0.113254204,0.109767892
0.109421001,0.105113636,0.112265084,0.107833656
0.111874387,0.105113636,0.111770524,0.109284333
0.110893032,0.104640152,0.111770524,0.108317215
0.109911678,0.103693182,0.109792285,0.107833656
0.110402355,0.103693182,0.109792285,0.106866538
0.116290481,0.109375,0.111770524,0.107350097
0.109421001,0.105113636,0.111275964,0.107350097
0.117762512,0.110795455,0.111770524,0.109767892
0.111874387,0.105113636,0.106824926,0.105415861
0.106967615,0.103693182,0.109792285,0.108800774
0.110402355,0.103693182,0.109792285,0.108800774
0.114818449,0.119318182,0.116221563,0.122340426
0.121687929,0.131628788,0.12462908,0.132978723
0.136408243,0.131155303,0.136498516,0.133945841
0.136408243,0.128787879,0.130563798,0.128626692
0.130520118,0.122632576,0.129574679,0.124758221
0.124141315,0.121685606,0.127101879,0.127176015
0.129048086,0.121685606,0.130069238,0.127176015
0.129048086,0.123106061,0.131552918,0.127176015
0.129538763,0.12405303,0.131058358,0.129110251
0.130029441,0.123579545,0.132047478,0.128143133
0.131501472,0.125,0.132047478,0.128143133
0.131010795,0.125,0.132542038,0.12959381
0.140824338,0.133522727,0.136993076,0.136363636
0.141315015,0.133996212,0.139960435,0.137330754
0.139842983,0.135416667,0.141938675,0.13926499
0.142296369,0.140151515,0.140949555,0.136847195
0.133954858,0.135416667,0.136993076,0.13926499
0.138861629,0.132102273,0.139465875,0.136363636
0.138861629,0.133049242,0.139465875,0.137330754
0.139352306,0.132102273,0.141938675,0.136847195
0.139352306,0.133522727,0.142433234,0.138297872
0.141315015,0.135416667,0.143422354,0.138781431
0.139842983,0.133522727,0.141938675,0.138297872
0.141315015,0.133522727,0.142433234,0.138297872
0.141315015,0.133522727,0.139465875,0.135396518
0.136898921,0.130681818,0.134520277,0.134912959
0.138861629,0.131155303,0.139465875,0.136847195
0.136408243,0.133049242,0.139465875,0.137330754
0.136408243,0.133522727,0.139465875,0.134912959
0.136898921,0.129261364,0.134520277,0.12959381
0.133954858,0.126893939,0.126607319,0.127176015
0.129048086,0.12405303,0.129574679,0.127176015
0.129048086,0.121685606,0.1256182,0.125725338
0.126594701,0.127840909,0.117705242,0.126692456
0.128557409,0.121212121,0.123145401,0.118471954
0.120215898,0.121212121,0.123145401,0.119439072
0.122178606,0.118844697,0.123145401,0.119922631
0.121197252,0.115530303,0.123145401,0.119922631
0.122178606,0.117897727,0.12413452,0.12040619
0.124141315,0.118844697,0.127101879,0.123791103
0.126594701,0.126893939,0.129574679,0.131044487
0.133954858,0.126420455,0.134520277,0.131044487
0.131992149,0.128314394,0.134520277,0.130077369
0.133954858,0.128787879,0.134520277,0.1344294
0.136408243,0.133522727,0.137487636,0.135396518
0.137880275,0.130208333,0.137487636,0.132495164
0.134445535,0.126893939,0.129080119,0.125725338
0.126104024,0.121685606,0.129080119,0.124758221
0.126594701,0.121685606,0.129574679,0.124758221
0.127085378,0.125,0.129574679,0.130560928
0.126594701,0.123579545,0.129574679,0.127659574
0.130029441,0.122632576,0.128585559,0.124758221
0.126104024,0.119318182,0.127101879,0.123791103
0.125613346,0.100378788,0.109792285,0.127659574
0.129538763,0.122159091,0.108308605,0.11073501
0.111874387,0.105587121,0.108308605,0.107350097
0.114327772,0.11032197,0.112265084,0.114603482
0.116290481,0.109848485,0.117210682,0.114603482
0.116781158,0.119318182,0.119683482,0.117988395
0.121687929,0.114583333,0.117705242,0.113152805
0.114327772,0.108901515,0.113748764,0.113636364
0.115799804,0.108901515,0.110781405,0.106382979
0.102551521,0.103219697,0.104846686,0.108317215
0.111874387,0.107481061,0.109792285,0.105415861
0.108930324,0.102272727,0.108803165,0.104448743
0.105986261,0.099431818,0.103857567,0.099613153
0.099607458,0.099905303,0.102373887,0.100096712
0.103042198,0.100378788,0.103857567,0.100096712
0.099607458,0.095643939,0.100890208,0.096711799
0.097154073,0.090909091,0.09248269,0.088491296
0.092247301,0.088541667,0.090999011,0.087524178
0.08734053,0.081439394,0.080613254,0.086073501
0.08734053,0.081439394,0.084569733,0.08172147
0.082433759,0.076704545,0.075173096,0.081237911
0.08390579,0.079545455,0.085064293,0.082205029
0.084887144,0.081439394,0.085064293,0.082688588
0.084887144,0.081439394,0.082096934,0.083655706
0.084887144,0.081439394,0.082591494,0.08172147
0.083415113,0.07907197,0.083580613,0.079787234
0.086849853,0.080965909,0.085064293,0.082688588
0.082433759,0.085700758,0.085064293,0.087040619
0.088321884,0.082386364,0.088031652,0.085106383
0.08734053,0.081439394,0.085064293,0.081237911
0.084887144,0.081439394,0.082591494,0.08172147
0.08734053,0.086174242,0.090009891,0.090909091
0.092247301,0.089015152,0.09248269,0.089941973
0.092247301,0.086174242,0.087537092,0.087040619
0.092247301,0.086174242,0.090009891,0.088007737
0.094700687,0.090909091,0.09248269,0.088491296
0.090284593,0.089488636,0.09248269,0.088974855
0.096663395,0.090435606,0.090009891,0.086073501
0.087831207,0.082859848,0.085558853,0.08172147
0.086849853,0.080965909,0.085064293,0.081237911
0.082924436,0.07907197,0.080613254,0.07688588
0.079980373,0.075757576,0.077645895,0.074951644
0.076545633,0.071969697,0.077645895,0.073984526
0.075564279,0.071496212,0.077645895,0.074951644
0.077526987,0.071969697,0.077151335,0.073500967
0.075564279,0.075757576,0.077151335,0.073984526
0.082924436,0.07717803,0.079129575,0.075435203
0.07703631,0.073863636,0.075173096,0.074468085
0.078508342,0.072916667,0.077151335,0.077369439
0.086359176,0.080492424,0.080613254,0.078820116
0.079980373,0.074337121,0.078140455,0.078336557
0.079489696,0.076704545,0.082096934,0.081237911
0.078508342,0.075757576,0.078140455,0.077852998
0.078017664,0.074337121,0.080613254,0.077369439
0.078999019,0.076704545,0.079129575,0.075435203
0.078999019,0.073390152,0.079624135,0.076402321
0.078017664,0.072443182,0.076162216,0.075435203
0.075073602,0.070549242,0.076162216,0.073500967
0.072620216,0.069602273,0.075173096,0.071566731
0.075073602,0.072443182,0.077645895,0.074951644
0.076545633,0.073863636,0.079129575,0.07688588
0.078508342,0.074337121,0.080118694,0.07688588
0.076054956,0.071022727,0.072700297,0.071083172
0.072620216,0.069602273,0.075173096,0.071566731
0.07016683,0.066761364,0.072700297,0.070599613
0.071638862,0.069602273,0.073194857,0.07205029
0.072620216,0.067234848,0.070227498,0.068665377
0.072620216,0.067234848,0.071711177,0.069148936
0.070657507,0.067234848,0.072700297,0.069148936
0.072620216,0.067234848,0.069238378,0.067698259
0.067713445,0.064867424,0.069238378,0.065764023
0.072129539,0.066761364,0.06379822,0.060444874
0.065260059,0.060132576,0.049455984,0.048839458
0.054465162,0.050662879,0.048466864,0.053675048
0.054465162,0.049715909,0.050445104,0.051740812
0.053974485,0.054450758,0.054896142,0.058510638
0.062806673,0.057765152,0.056379822,0.054642166
0.055446516,0.052556818,0.054896142,0.054158607
0.008832188,0.005681818,0,0.002417795
0.001962709,0.000473485,0.00148368,0.002417795
0.003925417,0.001420455,0.00098912,0
0,0.00094697,0.00148368,0.000483559
0.000490677,0,0.00098912,0.001934236
0.00343474,0.00094697,0.003461919,0.002901354
0.00343474,0.001420455,0.003956479,0.004352031
0.005888126,0.005681818,0.006429278,0.006769826
0.011285574,0.015151515,0.013353116,0.018375242
0.021099117,0.020359848,0.018298714,0.015957447
0.018155054,0.015151515,0.014836795,0.015957447
0.016192345,0.019886364,0.018298714,0.01934236
0.021589794,0.019886364,0.021760633,0.01934236
0.019627085,0.017045455,0.019782394,0.019825919
0.019627085,0.016098485,0.014836795,0.013539652
0.019136408,0.015625,0.015331355,0.01450677
0.013248283,0.013257576,0.015331355,0.01450677
0.01373896,0.011363636,0.013847676,0.01450677
0.015210991,0.012784091,0.015331355,0.013056093
0.012757605,0.01467803,0.014836795,0.015473888
0.016192345,0.013731061,0.014342235,0.01450677
0.015210991,0.012310606,0.015331355,0.01450677
0.015210991,0.014204545,0.015825915,0.016924565
0.02404318,0.020359848,0.016815035,0.020309478
0.02060844,0.018939394,0.019782394,0.021760155
0.023552502,0.020833333,0.021266073,0.02417795
0.026005888,0.031723485,0.025717112,0.028046422
0.028949951,0.029356061,0.03066271,0.029497099
0.032875368,0.028882576,0.028189911,0.028046422
0.029440628,0.026041667,0.028684471,0.026112186
0.026496565,0.027462121,0.028684471,0.030947776
0.032875368,0.040246212,0.034124629,0.040618956
0.045632974,0.043560606,0.043521266,0.044003868
0.050539745,0.057765152,0.052917903,0.061895551
0.065260059,0.084753788,0.067754698,0.088974855
0.097154073,0.100378788,0.09396637,0.095744681
0.094700687,0.095643939,0.089515331,0.09622824
0.09764475,0.097537879,0.091988131,0.094777563
0.102060844,0.098011364,0.098417409,0.095744681
0.099607458,0.096117424,0.096439169,0.092359768
0.094700687,0.090909091,0.09297725,0.089941973
0.092737978,0.086647727,0.085558853,0.084139265
0.082433759,0.07907197,0.082591494,0.079787234
0.078999019,0.073863636,0.075173096,0.073984526
0.079980373,0.07907197,0.077151335,0.08172147
0.085377821,0.085700758,0.085064293,0.081237911
0.084887144,0.07907197,0.080118694,0.079303675
0.088321884,0.082386364,0.079129575,0.07688588
0.078017664,0.074337121,0.075667656,0.07688588
0.079980373,0.07907197,0.080613254,0.078336557
0.077526987,0.076704545,0.078635015,0.080270793
0.081452404,0.081439394,0.082096934,0.08172147
0.082924436,0.080492424,0.082591494,0.078820116
0.084887144,0.07907197,0.075667656,0.077852998
0.081943081,0.076231061,0.075173096,0.071566731
0.072129539,0.071969697,0.073689416,0.076402321
0.085377821,0.079545455,0.077645895,0.07688588
0.078999019,0.074337121,0.077645895,0.07688588
0.085868499,0.080018939,0.077645895,0.076402321
0.075073602,0.071969697,0.077645895,0.076402321
0.072620216,0.073863636,0.075173096,0.074468085
0.077526987,0.071969697,0.078635015,0.076402321
0.085377821,0.091856061,0.083580613,0.079787234
0.081452404,0.075757576,0.076162216,0.073500967
0.075073602,0.069602273,0.075173096,0.073017408
0.078999019,0.073390152,0.074678536,0.071083172
0.07360157,0.068181818,0.073194857,0.070599613
0.067713445,0.072916667,0.070227498,0.069632495
0.07016683,0.065340909,0.070227498,0.067698259
0.06673209,0.063920455,0.067754698,0.066731141
0.067713445,0.069128788,0.069238378,0.070116054
0.067713445,0.06344697,0.066765579,0.063829787
0.064769382,0.060606061,0.06379822,0.064796905
0.065750736,0.060606061,0.06330366,0.063829787
0.072129539,0.066761364,0.06181998,0.063829787
0.064769382,0.059659091,0.0628091,0.062862669
0.067713445,0.0625,0.06231454,0.059477756
0.061334642,0.056818182,0.06132542,0.060928433
0.060353288,0.057765152,0.060336301,0.061895551
0.062806673,0.057765152,0.06132542,0.058994197
0.060353288,0.060132576,0.059841741,0.057059961
0.060843965,0.055871212,0.052917903,0.049806576
0.049558391,0.04592803,0.050445104,0.049806576
0.048577036,0.04592803,0.047972305,0.049323017
0.051521099,0.052556818,0.047972305,0.054642166
0.055937193,0.053030303,0.057863501,0.056092843
0.057899902,0.055397727,0.055390702,0.052224371
0.052993131,0.048295455,0.052917903,0.050773694
0.051521099,0.055871212,0.053412463,0.059961315
0.059371933,0.060132576,0.060830861,0.06237911
0.064278705,0.064393939,0.066765579,0.068181818
0.069676153,0.065814394,0.070227498,0.069148936
0.070657507,0.068655303,0.059841741,0.056576402
0.076545633,0.071022727,0.056379822,0.057059961
0.057899902,0.059659091,0.060336301,0.063346228
0.067713445,0.0625,0.064292779,0.062862669
